,token_x,symbol_x,name,expiry_x,strike_x,lotsize_x,instrumenttype_x,exch_seg_x,tick_size_x,token_y,symbol_y,expiry_y,strike_y,lotsize_y,instrumenttype_y,exch_seg_y,tick_size_y
0,35003,ABB27MAR25FUT,ABB,27MAR2025,-1.0,125,FUTSTK,NFO,5.0,13,ABB-EQ,,-1.0,1,,NSE,5.0
1,35185,ADANIPORTS27MAR25FUT,ADANIPORTS,27MAR2025,-1.0,400,FUTSTK,NFO,5.0,15083,ADANIPORTS-EQ,,-1.0,1,,NSE,5.0
2,35225,AUBANK27MAR25FUT,AUBANK,27MAR2025,-1.0,1000,FUTSTK,NFO,5.0,21238,AUBANK-EQ,,-1.0,1,,NSE,5.0
3,35223,ATGL27MAR25FUT,ATGL,27MAR2025,-1.0,775,FUTSTK,NFO,5.0,6066,ATGL-EQ,,-1.0,1,,NSE,5.0
4,35247,BAJAJ-AUTO27MAR25FUT,BAJAJ-AUTO,27MAR2025,-1.0,75,FUTSTK,NFO,5.0,16669,BAJAJ-AUTO-EQ,,-1.0,1,,NSE,5.0
5,35274,BAJAJFINSV27MAR25FUT,BAJAJFINSV,27MAR2025,-1.0,500,FUTSTK,NFO,5.0,16675,BAJAJFINSV-EQ,,-1.0,1,,NSE,5.0
6,35356,BERGEPAINT27MAR25FUT,BERGEPAINT,27MAR2025,-1.0,1320,FUTSTK,NFO,5.0,404,BERGEPAINT-EQ,,-1.0,1,,NSE,5.0
7,35406,CANBK27MAR25FUT,CANBK,27MAR2025,-1.0,6750,FUTSTK,NFO,1.0,10794,CANBK-EQ,,-1.0,1,,NSE,1.0
8,35570,CROMPTON27MAR25FUT,CROMPTON,27MAR2025,-1.0,1800,FUTSTK,NFO,5.0,17094,CROMPTON-EQ,,-1.0,1,,NSE,5.0
9,35797,DALBHARAT27MAR25FUT,DALBHARAT,27MAR2025,-1.0,275,FUTSTK,NFO,5.0,8075,DALBHARAT-EQ,,-1.0,1,,NSE,5.0
10,35802,DIVISLAB27MAR25FUT,DIVISLAB,27MAR2025,-1.0,100,FUTSTK,NFO,5.0,10940,DIVISLAB-EQ,,-1.0,1,,NSE,5.0
11,35361,BIOCON27MAR25FUT,BIOCON,27MAR2025,-1.0,2500,FUTSTK,NFO,5.0,11373,BIOCON-EQ,,-1.0,1,,NSE,5.0
12,35403,BSE27MAR25FUT,BSE,27MAR2025,-1.0,125,FUTSTK,NFO,5.0,19585,BSE-EQ,,-1.0,1,,NSE,5.0
13,35410,CDSL27MAR25FUT,CDSL,27MAR2025,-1.0,350,FUTSTK,NFO,5.0,21174,CDSL-EQ,,-1.0,1,,NSE,5.0
14,35428,CHAMBLFERT27MAR25FUT,CHAMBLFERT,27MAR2025,-1.0,1900,FUTSTK,NFO,5.0,637,CHAMBLFERT-EQ,,-1.0,1,,NSE,5.0
15,35432,CHOLAFIN27MAR25FUT,CHOLAFIN,27MAR2025,-1.0,625,FUTSTK,NFO,5.0,685,CHOLAFIN-EQ,,-1.0,1,,NSE,5.0
16,35564,COLPAL27MAR25FUT,COLPAL,27MAR2025,-1.0,175,FUTSTK,NFO,5.0,15141,COLPAL-EQ,,-1.0,1,,NSE,5.0
17,35793,DABUR27MAR25FUT,DABUR,27MAR2025,-1.0,1250,FUTSTK,NFO,5.0,772,DABUR-EQ,,-1.0,1,,NSE,5.0
18,36697,051NSETEST27NOV36FUT,051NSETEST,27NOV2036,-1.0,50,FUTSTK,NFO,5.0,14758,051NSETEST-EQ,,-1.0,1,,NSE,5.0
19,36718,121NSETEST27NOV36FUT,121NSETEST,27NOV2036,-1.0,50,FUTSTK,NFO,5.0,14777,121NSETEST-EQ,,-1.0,1,,NSE,5.0
20,36725,161NSETEST27NOV36FUT,161NSETEST,27NOV2036,-1.0,50,FUTSTK,NFO,5.0,14784,161NSETEST-EQ,,-1.0,1,,NSE,5.0
21,39346,HCLTECH27MAR25FUT,HCLTECH,27MAR2025,-1.0,350,FUTSTK,NFO,5.0,7229,HCLTECH-EQ,,-1.0,1,,NSE,5.0
22,39353,HDFCAMC27MAR25FUT,HDFCAMC,27MAR2025,-1.0,150,FUTSTK,NFO,5.0,4244,HDFCAMC-EQ,,-1.0,1,,NSE,5.0
23,39930,ICICIPRULI27MAR25FUT,ICICIPRULI,27MAR2025,-1.0,750,FUTSTK,NFO,5.0,18652,ICICIPRULI-EQ,,-1.0,1,,NSE,5.0
24,40392,INDHOTEL27MAR25FUT,INDHOTEL,27MAR2025,-1.0,1000,FUTSTK,NFO,5.0,1512,INDHOTEL-EQ,,-1.0,1,,NSE,5.0
25,41033,JINDALSTEL27MAR25FUT,JINDALSTEL,27MAR2025,-1.0,625,FUTSTK,NFO,5.0,6733,JINDALSTEL-EQ,,-1.0,1,,NSE,5.0
26,41029,ITC27MAR25FUT,ITC,27MAR2025,-1.0,1600,FUTSTK,NFO,5.0,1660,ITC-EQ,,-1.0,1,,NSE,5.0
27,43114,LICI27MAR25FUT,LICI,27MAR2025,-1.0,575,FUTSTK,NFO,5.0,9480,LICI-EQ,,-1.0,1,,NSE,5.0
28,43120,LT27MAR25FUT,LT,27MAR2025,-1.0,150,FUTSTK,NFO,5.0,11483,LT-EQ,,-1.0,1,,NSE,5.0
29,43175,MCX27MAR25FUT,MCX,27MAR2025,-1.0,100,FUTSTK,NFO,5.0,31181,MCX-EQ,,-1.0,1,,NSE,5.0
30,43195,MPHASIS27MAR25FUT,MPHASIS,27MAR2025,-1.0,275,FUTSTK,NFO,5.0,4503,MPHASIS-EQ,,-1.0,1,,NSE,5.0
31,43229,NMDC27MAR25FUT,NMDC,27MAR2025,-1.0,13500,FUTSTK,NFO,1.0,15332,NMDC-EQ,,-1.0,1,,NSE,1.0
32,43230,NTPC27MAR25FUT,NTPC,27MAR2025,-1.0,1500,FUTSTK,NFO,5.0,11630,NTPC-EQ,,-1.0,1,,NSE,5.0
33,43266,ONGC27MAR25FUT,ONGC,27MAR2025,-1.0,1925,FUTSTK,NFO,5.0,2475,ONGC-EQ,,-1.0,1,,NSE,5.0
34,43269,PEL27MAR25FUT,PEL,27MAR2025,-1.0,750,FUTSTK,NFO,5.0,2412,PEL-EQ,,-1.0,1,,NSE,5.0
35,43298,PIDILITIND27MAR25FUT,PIDILITIND,27MAR2025,-1.0,250,FUTSTK,NFO,5.0,2664,PIDILITIND-EQ,,-1.0,1,,NSE,5.0
36,43339,RBLBANK27MAR25FUT,RBLBANK,27MAR2025,-1.0,2500,FUTSTK,NFO,1.0,18391,RBLBANK-EQ,,-1.0,1,,NSE,1.0
37,43404,TRENT27MAR25FUT,TRENT,27MAR2025,-1.0,100,FUTSTK,NFO,5.0,1964,TRENT-EQ,,-1.0,1,,NSE,5.0
38,43437,VOLTAS27MAR25FUT,VOLTAS,27MAR2025,-1.0,300,FUTSTK,NFO,5.0,3718,VOLTAS-EQ,,-1.0,1,,NSE,5.0
39,43438,WIPRO27MAR25FUT,WIPRO,27MAR2025,-1.0,3000,FUTSTK,NFO,5.0,3787,WIPRO-EQ,,-1.0,1,,NSE,5.0
40,54834,ADANIGREEN24APR25FUT,ADANIGREEN,24APR2025,-1.0,375,FUTSTK,NFO,5.0,3563,ADANIGREEN-EQ,,-1.0,1,,NSE,5.0
41,57140,ADANIENSOL29MAY25FUT,ADANIENSOL,29MAY2025,-1.0,625,FUTSTK,NFO,5.0,10217,ADANIENSOL-EQ,,-1.0,1,,NSE,5.0
42,57150,ASHOKLEY29MAY25FUT,ASHOKLEY,29MAY2025,-1.0,2500,FUTSTK,NFO,1.0,212,ASHOKLEY-EQ,,-1.0,1,,NSE,1.0
43,57155,AUROPHARMA29MAY25FUT,AUROPHARMA,29MAY2025,-1.0,550,FUTSTK,NFO,5.0,275,AUROPHARMA-EQ,,-1.0,1,,NSE,5.0
44,57162,BALKRISIND29MAY25FUT,BALKRISIND,29MAY2025,-1.0,300,FUTSTK,NFO,5.0,335,BALKRISIND-EQ,,-1.0,1,,NSE,5.0
45,57175,BSOFT29MAY25FUT,BSOFT,29MAY2025,-1.0,1000,FUTSTK,NFO,5.0,6994,BSOFT-EQ,,-1.0,1,,NSE,5.0
46,57176,CAMS29MAY25FUT,CAMS,29MAY2025,-1.0,125,FUTSTK,NFO,5.0,342,CAMS-EQ,,-1.0,1,,NSE,5.0
47,57189,CUMMINSIND29MAY25FUT,CUMMINSIND,29MAY2025,-1.0,150,FUTSTK,NFO,5.0,1901,CUMMINSIND-EQ,,-1.0,1,,NSE,5.0
48,57191,DABUR29MAY25FUT,DABUR,29MAY2025,-1.0,1250,FUTSTK,NFO,5.0,772,DABUR-EQ,,-1.0,1,,NSE,5.0
49,57195,DIVISLAB29MAY25FUT,DIVISLAB,29MAY2025,-1.0,100,FUTSTK,NFO,5.0,10940,DIVISLAB-EQ,,-1.0,1,,NSE,5.0
50,57197,DLF29MAY25FUT,DLF,29MAY2025,-1.0,825,FUTSTK,NFO,5.0,14732,DLF-EQ,,-1.0,1,,NSE,5.0
51,57198,DMART29MAY25FUT,DMART,29MAY2025,-1.0,150,FUTSTK,NFO,5.0,19913,DMART-EQ,,-1.0,1,,NSE,5.0
52,57204,EXIDEIND29MAY25FUT,EXIDEIND,29MAY2025,-1.0,1800,FUTSTK,NFO,5.0,676,EXIDEIND-EQ,,-1.0,1,,NSE,5.0
53,57211,GODREJCP29MAY25FUT,GODREJCP,29MAY2025,-1.0,500,FUTSTK,NFO,5.0,10099,GODREJCP-EQ,,-1.0,1,,NSE,5.0
54,57214,GODREJPROP29MAY25FUT,GODREJPROP,29MAY2025,-1.0,225,FUTSTK,NFO,5.0,17875,GODREJPROP-EQ,,-1.0,1,,NSE,5.0
55,57215,GRANULES29MAY25FUT,GRANULES,29MAY2025,-1.0,1000,FUTSTK,NFO,5.0,11872,GRANULES-EQ,,-1.0,1,,NSE,5.0
56,57237,HUDCO29MAY25FUT,HUDCO,29MAY2025,-1.0,2425,FUTSTK,NFO,1.0,20825,HUDCO-EQ,,-1.0,1,,NSE,1.0
57,57241,ICICIGI29MAY25FUT,ICICIGI,29MAY2025,-1.0,250,FUTSTK,NFO,5.0,21770,ICICIGI-EQ,,-1.0,1,,NSE,5.0
58,57280,INDUSINDBK29MAY25FUT,INDUSINDBK,29MAY2025,-1.0,500,FUTSTK,NFO,5.0,5258,INDUSINDBK-EQ,,-1.0,1,,NSE,5.0
59,57359,JSWENERGY29MAY25FUT,JSWENERGY,29MAY2025,-1.0,750,FUTSTK,NFO,5.0,17869,JSWENERGY-EQ,,-1.0,1,,NSE,5.0
60,57364,JSWSTEEL29MAY25FUT,JSWSTEEL,29MAY2025,-1.0,675,FUTSTK,NFO,5.0,11723,JSWSTEEL-EQ,,-1.0,1,,NSE,5.0
61,57376,KOTAKBANK29MAY25FUT,KOTAKBANK,29MAY2025,-1.0,400,FUTSTK,NFO,5.0,1922,KOTAKBANK-EQ,,-1.0,1,,NSE,5.0
62,57392,LICI29MAY25FUT,LICI,29MAY2025,-1.0,575,FUTSTK,NFO,5.0,9480,LICI-EQ,,-1.0,1,,NSE,5.0
63,57440,MANAPPURAM29MAY25FUT,MANAPPURAM,29MAY2025,-1.0,3000,FUTSTK,NFO,1.0,19061,MANAPPURAM-EQ,,-1.0,1,,NSE,1.0
64,57472,NHPC29MAY25FUT,NHPC,29MAY2025,-1.0,6400,FUTSTK,NFO,1.0,17400,NHPC-EQ,,-1.0,1,,NSE,1.0
65,57488,PERSISTENT29MAY25FUT,PERSISTENT,29MAY2025,-1.0,100,FUTSTK,NFO,5.0,18365,PERSISTENT-EQ,,-1.0,1,,NSE,5.0
66,57492,PFC29MAY25FUT,PFC,29MAY2025,-1.0,1300,FUTSTK,NFO,5.0,14299,PFC-EQ,,-1.0,1,,NSE,5.0
67,57498,POLYCAB29MAY25FUT,POLYCAB,29MAY2025,-1.0,125,FUTSTK,NFO,5.0,9590,POLYCAB-EQ,,-1.0,1,,NSE,5.0
68,57502,POWERGRID29MAY25FUT,POWERGRID,29MAY2025,-1.0,1800,FUTSTK,NFO,5.0,14977,POWERGRID-EQ,,-1.0,1,,NSE,5.0
69,57503,PRESTIGE29MAY25FUT,PRESTIGE,29MAY2025,-1.0,325,FUTSTK,NFO,5.0,20302,PRESTIGE-EQ,,-1.0,1,,NSE,5.0
70,57517,SHRIRAMFIN29MAY25FUT,SHRIRAMFIN,29MAY2025,-1.0,750,FUTSTK,NFO,5.0,4306,SHRIRAMFIN-EQ,,-1.0,1,,NSE,5.0
71,57520,SOLARINDS29MAY25FUT,SOLARINDS,29MAY2025,-1.0,75,FUTSTK,NFO,5.0,13332,SOLARINDS-EQ,,-1.0,1,,NSE,5.0
72,57526,TATACHEM29MAY25FUT,TATACHEM,29MAY2025,-1.0,550,FUTSTK,NFO,5.0,3405,TATACHEM-EQ,,-1.0,1,,NSE,5.0
73,57532,TATAMOTORS29MAY25FUT,TATAMOTORS,29MAY2025,-1.0,550,FUTSTK,NFO,5.0,3456,TATAMOTORS-EQ,,-1.0,1,,NSE,5.0
74,57537,TATATECH29MAY25FUT,TATATECH,29MAY2025,-1.0,700,FUTSTK,NFO,5.0,20293,TATATECH-EQ,,-1.0,1,,NSE,5.0
75,57547,TORNTPHARM29MAY25FUT,TORNTPHARM,29MAY2025,-1.0,250,FUTSTK,NFO,5.0,3518,TORNTPHARM-EQ,,-1.0,1,,NSE,5.0
76,57557,UNITDSPR29MAY25FUT,UNITDSPR,29MAY2025,-1.0,350,FUTSTK,NFO,5.0,10447,UNITDSPR-EQ,,-1.0,1,,NSE,5.0
77,57565,ZYDUSLIFE29MAY25FUT,ZYDUSLIFE,29MAY2025,-1.0,900,FUTSTK,NFO,5.0,7929,ZYDUSLIFE-EQ,,-1.0,1,,NSE,5.0
78,35201,APLAPOLLO27MAR25FUT,APLAPOLLO,27MAR2025,-1.0,350,FUTSTK,NFO,5.0,25780,APLAPOLLO-EQ,,-1.0,1,,NSE,5.0
79,35212,APOLLOTYRE27MAR25FUT,APOLLOTYRE,27MAR2025,-1.0,1700,FUTSTK,NFO,5.0,163,APOLLOTYRE-EQ,,-1.0,1,,NSE,5.0
80,35203,APOLLOHOSP27MAR25FUT,APOLLOHOSP,27MAR2025,-1.0,125,FUTSTK,NFO,5.0,157,APOLLOHOSP-EQ,,-1.0,1,,NSE,5.0
81,35216,ASTRAL27MAR25FUT,ASTRAL,27MAR2025,-1.0,367,FUTSTK,NFO,5.0,14418,ASTRAL-EQ,,-1.0,1,,NSE,5.0
82,35332,BALKRISIND27MAR25FUT,BALKRISIND,27MAR2025,-1.0,300,FUTSTK,NFO,5.0,335,BALKRISIND-EQ,,-1.0,1,,NSE,5.0
83,35333,BANDHANBNK27MAR25FUT,BANDHANBNK,27MAR2025,-1.0,2800,FUTSTK,NFO,1.0,2263,BANDHANBNK-EQ,,-1.0,1,,NSE,1.0
84,35405,CAMS27MAR25FUT,CAMS,27MAR2025,-1.0,125,FUTSTK,NFO,5.0,342,CAMS-EQ,,-1.0,1,,NSE,5.0
85,35565,CONCOR27MAR25FUT,CONCOR,27MAR2025,-1.0,1000,FUTSTK,NFO,5.0,4749,CONCOR-EQ,,-1.0,1,,NSE,5.0
86,35801,DELHIVERY27MAR25FUT,DELHIVERY,27MAR2025,-1.0,1525,FUTSTK,NFO,5.0,9599,DELHIVERY-EQ,,-1.0,1,,NSE,5.0
87,36398,GAIL27MAR25FUT,GAIL,27MAR2025,-1.0,2350,FUTSTK,NFO,1.0,4717,GAIL-EQ,,-1.0,1,,NSE,1.0
88,37310,GMRAIRPORT27MAR25FUT,GMRAIRPORT,27MAR2025,-1.0,5625,FUTSTK,NFO,1.0,13528,GMRAIRPORT-EQ,,-1.0,1,,NSE,1.0
89,39345,HAVELLS27MAR25FUT,HAVELLS,27MAR2025,-1.0,500,FUTSTK,NFO,5.0,9819,HAVELLS-EQ,,-1.0,1,,NSE,5.0
90,39357,HDFCLIFE27MAR25FUT,HDFCLIFE,27MAR2025,-1.0,1100,FUTSTK,NFO,5.0,467,HDFCLIFE-EQ,,-1.0,1,,NSE,5.0
91,39366,HINDALCO27MAR25FUT,HINDALCO,27MAR2025,-1.0,1400,FUTSTK,NFO,5.0,1363,HINDALCO-EQ,,-1.0,1,,NSE,5.0
92,40385,IDFCFIRSTB27MAR25FUT,IDFCFIRSTB,27MAR2025,-1.0,7500,FUTSTK,NFO,1.0,11184,IDFCFIRSTB-EQ,,-1.0,1,,NSE,1.0
93,43200,NATIONALUM27MAR25FUT,NATIONALUM,27MAR2025,-1.0,3750,FUTSTK,NFO,1.0,6364,NATIONALUM-EQ,,-1.0,1,,NSE,1.0
94,43327,POONAWALLA27MAR25FUT,POONAWALLA,27MAR2025,-1.0,1450,FUTSTK,NFO,5.0,11403,POONAWALLA-EQ,,-1.0,1,,NSE,5.0
95,43344,SAIL27MAR25FUT,SAIL,27MAR2025,-1.0,4000,FUTSTK,NFO,1.0,2963,SAIL-EQ,,-1.0,1,,NSE,1.0
96,43349,SBICARD27MAR25FUT,SBICARD,27MAR2025,-1.0,800,FUTSTK,NFO,5.0,17971,SBICARD-EQ,,-1.0,1,,NSE,5.0
97,43388,TATAELXSI27MAR25FUT,TATAELXSI,27MAR2025,-1.0,100,FUTSTK,NFO,5.0,3411,TATAELXSI-EQ,,-1.0,1,,NSE,5.0
98,43390,TATAPOWER27MAR25FUT,TATAPOWER,27MAR2025,-1.0,1350,FUTSTK,NFO,5.0,3426,TATAPOWER-EQ,,-1.0,1,,NSE,5.0
99,43427,VBL27MAR25FUT,VBL,27MAR2025,-1.0,875,FUTSTK,NFO,5.0,18921,VBL-EQ,,-1.0,1,,NSE,5.0
100,43428,VEDL27MAR25FUT,VEDL,27MAR2025,-1.0,1150,FUTSTK,NFO,5.0,3063,VEDL-EQ,,-1.0,1,,NSE,5.0
101,48576,171NSETEST27NOV36FUT,171NSETEST,27NOV2036,-1.0,50,FUTSTK,NFO,5.0,23446,171NSETEST-EQ,,-1.0,1,,NSE,5.0
102,54455,ABB24APR25FUT,ABB,24APR2025,-1.0,125,FUTSTK,NFO,5.0,13,ABB-EQ,,-1.0,1,,NSE,5.0
103,57136,ABB29MAY25FUT,ABB,29MAY2025,-1.0,125,FUTSTK,NFO,5.0,13,ABB-EQ,,-1.0,1,,NSE,5.0
104,57137,ABCAPITAL29MAY25FUT,ABCAPITAL,29MAY2025,-1.0,2700,FUTSTK,NFO,1.0,21614,ABCAPITAL-EQ,,-1.0,1,,NSE,1.0
105,57145,AMBUJACEM29MAY25FUT,AMBUJACEM,29MAY2025,-1.0,900,FUTSTK,NFO,5.0,1270,AMBUJACEM-EQ,,-1.0,1,,NSE,5.0
106,57147,APLAPOLLO29MAY25FUT,APLAPOLLO,29MAY2025,-1.0,350,FUTSTK,NFO,5.0,25780,APLAPOLLO-EQ,,-1.0,1,,NSE,5.0
107,57151,ASIANPAINT29MAY25FUT,ASIANPAINT,29MAY2025,-1.0,200,FUTSTK,NFO,5.0,236,ASIANPAINT-EQ,,-1.0,1,,NSE,5.0
108,57153,ATGL29MAY25FUT,ATGL,29MAY2025,-1.0,775,FUTSTK,NFO,5.0,6066,ATGL-EQ,,-1.0,1,,NSE,5.0
109,57154,AUBANK29MAY25FUT,AUBANK,29MAY2025,-1.0,1000,FUTSTK,NFO,5.0,21238,AUBANK-EQ,,-1.0,1,,NSE,5.0
110,57171,BOSCHLTD29MAY25FUT,BOSCHLTD,29MAY2025,-1.0,25,FUTSTK,NFO,5.0,2181,BOSCHLTD-EQ,,-1.0,1,,NSE,5.0
111,57193,DEEPAKNTR29MAY25FUT,DEEPAKNTR,29MAY2025,-1.0,300,FUTSTK,NFO,5.0,19943,DEEPAKNTR-EQ,,-1.0,1,,NSE,5.0
112,57199,DRREDDY29MAY25FUT,DRREDDY,29MAY2025,-1.0,625,FUTSTK,NFO,5.0,881,DRREDDY-EQ,,-1.0,1,,NSE,5.0
113,57205,FEDERALBNK29MAY25FUT,FEDERALBNK,29MAY2025,-1.0,5000,FUTSTK,NFO,1.0,1023,FEDERALBNK-EQ,,-1.0,1,,NSE,1.0
114,57209,GLENMARK29MAY25FUT,GLENMARK,29MAY2025,-1.0,325,FUTSTK,NFO,5.0,7406,GLENMARK-EQ,,-1.0,1,,NSE,5.0
115,57234,HINDCOPPER29MAY25FUT,HINDCOPPER,29MAY2025,-1.0,2650,FUTSTK,NFO,1.0,17939,HINDCOPPER-EQ,,-1.0,1,,NSE,1.0
116,57281,INDUSTOWER29MAY25FUT,INDUSTOWER,29MAY2025,-1.0,1700,FUTSTK,NFO,5.0,29135,INDUSTOWER-EQ,,-1.0,1,,NSE,5.0
117,57350,IRFC29MAY25FUT,IRFC,29MAY2025,-1.0,3525,FUTSTK,NFO,1.0,2029,IRFC-EQ,,-1.0,1,,NSE,1.0
118,57425,LTF29MAY25FUT,LTF,29MAY2025,-1.0,4462,FUTSTK,NFO,1.0,24948,LTF-EQ,,-1.0,1,,NSE,1.0
119,57442,MARUTI29MAY25FUT,MARUTI,29MAY2025,-1.0,50,FUTSTK,NFO,5.0,10999,MARUTI-EQ,,-1.0,1,,NSE,5.0
120,57463,NATIONALUM29MAY25FUT,NATIONALUM,29MAY2025,-1.0,3750,FUTSTK,NFO,1.0,6364,NATIONALUM-EQ,,-1.0,1,,NSE,1.0
121,57468,NCC29MAY25FUT,NCC,29MAY2025,-1.0,1775,FUTSTK,NFO,5.0,2319,NCC-EQ,,-1.0,1,,NSE,5.0
122,57484,PATANJALI24APR25FUT,PATANJALI,24APR2025,-1.0,300,FUTSTK,NFO,5.0,17029,PATANJALI-EQ,,-1.0,1,,NSE,5.0
123,57489,PETRONET29MAY25FUT,PETRONET,29MAY2025,-1.0,1500,FUTSTK,NFO,5.0,11351,PETRONET-EQ,,-1.0,1,,NSE,5.0
124,57493,PHOENIXLTD29MAY25FUT,PHOENIXLTD,29MAY2025,-1.0,350,FUTSTK,NFO,5.0,14552,PHOENIXLTD-EQ,,-1.0,1,,NSE,5.0
125,57504,RAMCOCEM29MAY25FUT,RAMCOCEM,29MAY2025,-1.0,850,FUTSTK,NFO,5.0,2043,RAMCOCEM-EQ,,-1.0,1,,NSE,5.0
126,57506,RECLTD29MAY25FUT,RECLTD,29MAY2025,-1.0,1000,FUTSTK,NFO,5.0,15355,RECLTD-EQ,,-1.0,1,,NSE,5.0
127,57512,SAIL29MAY25FUT,SAIL,29MAY2025,-1.0,4000,FUTSTK,NFO,1.0,2963,SAIL-EQ,,-1.0,1,,NSE,1.0
128,57515,SBIN29MAY25FUT,SBIN,29MAY2025,-1.0,750,FUTSTK,NFO,5.0,3045,SBIN-EQ,,-1.0,1,,NSE,5.0
129,57521,SONACOMS29MAY25FUT,SONACOMS,29MAY2025,-1.0,775,FUTSTK,NFO,5.0,4684,SONACOMS-EQ,,-1.0,1,,NSE,5.0
130,57522,SRF29MAY25FUT,SRF,29MAY2025,-1.0,375,FUTSTK,NFO,5.0,3273,SRF-EQ,,-1.0,1,,NSE,5.0
131,57536,TATATECH24APR25FUT,TATATECH,24APR2025,-1.0,700,FUTSTK,NFO,5.0,20293,TATATECH-EQ,,-1.0,1,,NSE,5.0
132,57544,TITAGARH24APR25FUT,TITAGARH,24APR2025,-1.0,625,FUTSTK,NFO,5.0,15414,TITAGARH-EQ,,-1.0,1,,NSE,5.0
133,57558,UPL29MAY25FUT,UPL,29MAY2025,-1.0,1355,FUTSTK,NFO,5.0,11287,UPL-EQ,,-1.0,1,,NSE,5.0
134,35002,AARTIIND27MAR25FUT,AARTIIND,27MAR2025,-1.0,1000,FUTSTK,NFO,5.0,7,AARTIIND-EQ,,-1.0,1,,NSE,5.0
135,35052,ACC27MAR25FUT,ACC,27MAR2025,-1.0,300,FUTSTK,NFO,5.0,22,ACC-EQ,,-1.0,1,,NSE,5.0
136,35345,BANKBARODA27MAR25FUT,BANKBARODA,27MAR2025,-1.0,2925,FUTSTK,NFO,1.0,4668,BANKBARODA-EQ,,-1.0,1,,NSE,1.0
137,35362,BOSCHLTD27MAR25FUT,BOSCHLTD,27MAR2025,-1.0,25,FUTSTK,NFO,5.0,2181,BOSCHLTD-EQ,,-1.0,1,,NSE,5.0
138,35401,BRITANNIA27MAR25FUT,BRITANNIA,27MAR2025,-1.0,100,FUTSTK,NFO,5.0,547,BRITANNIA-EQ,,-1.0,1,,NSE,5.0
139,35560,COFORGE27MAR25FUT,COFORGE,27MAR2025,-1.0,75,FUTSTK,NFO,5.0,11543,COFORGE-EQ,,-1.0,1,,NSE,5.0
140,36389,FEDERALBNK27MAR25FUT,FEDERALBNK,27MAR2025,-1.0,5000,FUTSTK,NFO,1.0,1023,FEDERALBNK-EQ,,-1.0,1,,NSE,1.0
141,36702,071NSETEST27NOV36FUT,071NSETEST,27NOV2036,-1.0,50,FUTSTK,NFO,5.0,14764,071NSETEST-EQ,,-1.0,1,,NSE,5.0
142,36713,091NSETEST27NOV36FUT,091NSETEST,27NOV2036,-1.0,50,FUTSTK,NFO,5.0,14769,091NSETEST-EQ,,-1.0,1,,NSE,5.0
143,36721,141NSETEST27NOV36FUT,141NSETEST,27NOV2036,-1.0,50,FUTSTK,NFO,5.0,14781,141NSETEST-EQ,,-1.0,1,,NSE,5.0
144,39363,HFCL27MAR25FUT,HFCL,27MAR2025,-1.0,4150,FUTSTK,NFO,1.0,21951,HFCL-EQ,,-1.0,1,,NSE,1.0
145,40388,IGL27MAR25FUT,IGL,27MAR2025,-1.0,2750,FUTSTK,NFO,1.0,11262,IGL-EQ,,-1.0,1,,NSE,1.0
146,40410,INDUSTOWER27MAR25FUT,INDUSTOWER,27MAR2025,-1.0,1700,FUTSTK,NFO,5.0,29135,INDUSTOWER-EQ,,-1.0,1,,NSE,5.0
147,40478,IOC27MAR25FUT,IOC,27MAR2025,-1.0,4875,FUTSTK,NFO,1.0,1624,IOC-EQ,,-1.0,1,,NSE,1.0
148,41576,JKCEMENT27MAR25FUT,JKCEMENT,27MAR2025,-1.0,125,FUTSTK,NFO,5.0,13270,JKCEMENT-EQ,,-1.0,1,,NSE,5.0
149,43212,NCC27MAR25FUT,NCC,27MAR2025,-1.0,1775,FUTSTK,NFO,5.0,2319,NCC-EQ,,-1.0,1,,NSE,5.0
150,43251,OBEROIRLTY27MAR25FUT,OBEROIRLTY,27MAR2025,-1.0,350,FUTSTK,NFO,5.0,20242,OBEROIRLTY-EQ,,-1.0,1,,NSE,5.0
151,43253,OIL27MAR25FUT,OIL,27MAR2025,-1.0,1075,FUTSTK,NFO,5.0,17438,OIL-EQ,,-1.0,1,,NSE,5.0
152,43278,PETRONET27MAR25FUT,PETRONET,27MAR2025,-1.0,1500,FUTSTK,NFO,5.0,11351,PETRONET-EQ,,-1.0,1,,NSE,5.0
153,43312,POLICYBZR27MAR25FUT,POLICYBZR,27MAR2025,-1.0,325,FUTSTK,NFO,5.0,6656,POLICYBZR-EQ,,-1.0,1,,NSE,5.0
154,43313,POLYCAB27MAR25FUT,POLYCAB,27MAR2025,-1.0,125,FUTSTK,NFO,5.0,9590,POLYCAB-EQ,,-1.0,1,,NSE,5.0
155,43328,POWERGRID27MAR25FUT,POWERGRID,27MAR2025,-1.0,1800,FUTSTK,NFO,5.0,14977,POWERGRID-EQ,,-1.0,1,,NSE,5.0
156,43356,SHREECEM27MAR25FUT,SHREECEM,27MAR2025,-1.0,25,FUTSTK,NFO,5.0,3103,SHREECEM-EQ,,-1.0,1,,NSE,5.0
157,43365,SONACOMS27MAR25FUT,SONACOMS,27MAR2025,-1.0,775,FUTSTK,NFO,5.0,4684,SONACOMS-EQ,,-1.0,1,,NSE,5.0
158,43369,SUNPHARMA27MAR25FUT,SUNPHARMA,27MAR2025,-1.0,350,FUTSTK,NFO,5.0,3351,SUNPHARMA-EQ,,-1.0,1,,NSE,5.0
159,43400,TITAN27MAR25FUT,TITAN,27MAR2025,-1.0,175,FUTSTK,NFO,5.0,3506,TITAN-EQ,,-1.0,1,,NSE,5.0
160,54458,ACC24APR25FUT,ACC,24APR2025,-1.0,300,FUTSTK,NFO,5.0,22,ACC-EQ,,-1.0,1,,NSE,5.0
161,57135,AARTIIND29MAY25FUT,AARTIIND,29MAY2025,-1.0,1000,FUTSTK,NFO,5.0,7,AARTIIND-EQ,,-1.0,1,,NSE,5.0
162,57144,ALKEM29MAY25FUT,ALKEM,29MAY2025,-1.0,100,FUTSTK,NFO,5.0,11703,ALKEM-EQ,,-1.0,1,,NSE,5.0
163,57148,APOLLOHOSP29MAY25FUT,APOLLOHOSP,29MAY2025,-1.0,125,FUTSTK,NFO,5.0,157,APOLLOHOSP-EQ,,-1.0,1,,NSE,5.0
164,57157,BAJAJ-AUTO29MAY25FUT,BAJAJ-AUTO,29MAY2025,-1.0,75,FUTSTK,NFO,5.0,16669,BAJAJ-AUTO-EQ,,-1.0,1,,NSE,5.0
165,57160,BAJAJFINSV29MAY25FUT,BAJAJFINSV,29MAY2025,-1.0,500,FUTSTK,NFO,5.0,16675,BAJAJFINSV-EQ,,-1.0,1,,NSE,5.0
166,57167,BHARATFORG29MAY25FUT,BHARATFORG,29MAY2025,-1.0,500,FUTSTK,NFO,5.0,422,BHARATFORG-EQ,,-1.0,1,,NSE,5.0
167,57168,BHARTIARTL29MAY25FUT,BHARTIARTL,29MAY2025,-1.0,475,FUTSTK,NFO,5.0,10604,BHARTIARTL-EQ,,-1.0,1,,NSE,5.0
168,57184,COALINDIA29MAY25FUT,COALINDIA,29MAY2025,-1.0,1050,FUTSTK,NFO,5.0,20374,COALINDIA-EQ,,-1.0,1,,NSE,5.0
169,57196,DIXON29MAY25FUT,DIXON,29MAY2025,-1.0,50,FUTSTK,NFO,5.0,21690,DIXON-EQ,,-1.0,1,,NSE,5.0
170,57180,CGPOWER29MAY25FUT,CGPOWER,29MAY2025,-1.0,725,FUTSTK,NFO,5.0,760,CGPOWER-EQ,,-1.0,1,,NSE,5.0
171,57192,DALBHARAT29MAY25FUT,DALBHARAT,29MAY2025,-1.0,275,FUTSTK,NFO,5.0,8075,DALBHARAT-EQ,,-1.0,1,,NSE,5.0
172,36687,011NSETEST27NOV36FUT,011NSETEST,27NOV2036,-1.0,50,FUTSTK,NFO,5.0,14747,011NSETEST-EQ,,-1.0,1,,NSE,5.0
173,37337,GODREJCP27MAR25FUT,GODREJCP,27MAR2025,-1.0,500,FUTSTK,NFO,5.0,10099,GODREJCP-EQ,,-1.0,1,,NSE,5.0
174,39362,HEROMOTOCO27MAR25FUT,HEROMOTOCO,27MAR2025,-1.0,150,FUTSTK,NFO,5.0,1348,HEROMOTOCO-EQ,,-1.0,1,,NSE,5.0
175,39368,HINDCOPPER27MAR25FUT,HINDCOPPER,27MAR2025,-1.0,2650,FUTSTK,NFO,1.0,17939,HINDCOPPER-EQ,,-1.0,1,,NSE,1.0
176,39902,HINDPETRO27MAR25FUT,HINDPETRO,27MAR2025,-1.0,2025,FUTSTK,NFO,5.0,1406,HINDPETRO-EQ,,-1.0,1,,NSE,5.0
177,39910,ICICIBANK27MAR25FUT,ICICIBANK,27MAR2025,-1.0,700,FUTSTK,NFO,5.0,4963,ICICIBANK-EQ,,-1.0,1,,NSE,5.0
178,40386,IEX27MAR25FUT,IEX,27MAR2025,-1.0,3750,FUTSTK,NFO,1.0,220,IEX-EQ,,-1.0,1,,NSE,1.0
179,43211,NAUKRI27MAR25FUT,NAUKRI,27MAR2025,-1.0,75,FUTSTK,NFO,5.0,13751,NAUKRI-EQ,,-1.0,1,,NSE,5.0
180,43250,NYKAA27MAR25FUT,NYKAA,27MAR2025,-1.0,2950,FUTSTK,NFO,1.0,6545,NYKAA-EQ,,-1.0,1,,NSE,1.0
181,43267,PAGEIND27MAR25FUT,PAGEIND,27MAR2025,-1.0,15,FUTSTK,NFO,5.0,14413,PAGEIND-EQ,,-1.0,1,,NSE,5.0
182,43351,SBILIFE27MAR25FUT,SBILIFE,27MAR2025,-1.0,375,FUTSTK,NFO,5.0,21808,SBILIFE-EQ,,-1.0,1,,NSE,5.0
183,43370,SUPREMEIND27MAR25FUT,SUPREMEIND,27MAR2025,-1.0,125,FUTSTK,NFO,5.0,3363,SUPREMEIND-EQ,,-1.0,1,,NSE,5.0
184,43377,TATACHEM27MAR25FUT,TATACHEM,27MAR2025,-1.0,550,FUTSTK,NFO,5.0,3405,TATACHEM-EQ,,-1.0,1,,NSE,5.0
185,43405,TVSMOTOR27MAR25FUT,TVSMOTOR,27MAR2025,-1.0,350,FUTSTK,NFO,5.0,8479,TVSMOTOR-EQ,,-1.0,1,,NSE,5.0
186,43450,YESBANK27MAR25FUT,YESBANK,27MAR2025,-1.0,26000,FUTSTK,NFO,1.0,11915,YESBANK-EQ,,-1.0,1,,NSE,1.0
187,57141,ADANIENT29MAY25FUT,ADANIENT,29MAY2025,-1.0,300,FUTSTK,NFO,5.0,25,ADANIENT-EQ,,-1.0,1,,NSE,5.0
188,57142,ADANIGREEN29MAY25FUT,ADANIGREEN,29MAY2025,-1.0,375,FUTSTK,NFO,5.0,3563,ADANIGREEN-EQ,,-1.0,1,,NSE,5.0
189,57156,AXISBANK29MAY25FUT,AXISBANK,29MAY2025,-1.0,625,FUTSTK,NFO,5.0,5900,AXISBANK-EQ,,-1.0,1,,NSE,5.0
190,57163,BANDHANBNK29MAY25FUT,BANDHANBNK,29MAY2025,-1.0,2800,FUTSTK,NFO,1.0,2263,BANDHANBNK-EQ,,-1.0,1,,NSE,1.0
191,57170,BIOCON29MAY25FUT,BIOCON,29MAY2025,-1.0,2500,FUTSTK,NFO,5.0,11373,BIOCON-EQ,,-1.0,1,,NSE,5.0
192,57183,CIPLA29MAY25FUT,CIPLA,29MAY2025,-1.0,325,FUTSTK,NFO,5.0,694,CIPLA-EQ,,-1.0,1,,NSE,5.0
193,57202,EICHERMOT29MAY25FUT,EICHERMOT,29MAY2025,-1.0,175,FUTSTK,NFO,5.0,910,EICHERMOT-EQ,,-1.0,1,,NSE,5.0
194,57217,HAL29MAY25FUT,HAL,29MAY2025,-1.0,150,FUTSTK,NFO,5.0,2303,HAL-EQ,,-1.0,1,,NSE,5.0
195,57218,HAVELLS29MAY25FUT,HAVELLS,29MAY2025,-1.0,500,FUTSTK,NFO,5.0,9819,HAVELLS-EQ,,-1.0,1,,NSE,5.0
196,57228,HDFCLIFE29MAY25FUT,HDFCLIFE,29MAY2025,-1.0,1100,FUTSTK,NFO,5.0,467,HDFCLIFE-EQ,,-1.0,1,,NSE,5.0
197,57231,HINDALCO29MAY25FUT,HINDALCO,29MAY2025,-1.0,1400,FUTSTK,NFO,5.0,1363,HINDALCO-EQ,,-1.0,1,,NSE,5.0
198,57243,IDEA29MAY25FUT,IDEA,29MAY2025,-1.0,40000,FUTSTK,NFO,1.0,14366,IDEA-EQ,,-1.0,1,,NSE,1.0
199,57269,IIFL24APR25FUT,IIFL,24APR2025,-1.0,1550,FUTSTK,NFO,5.0,11809,IIFL-EQ,,-1.0,1,,NSE,5.0
200,57279,INDIGO29MAY25FUT,INDIGO,29MAY2025,-1.0,150,FUTSTK,NFO,5.0,11195,INDIGO-EQ,,-1.0,1,,NSE,5.0
201,57336,IRCTC29MAY25FUT,IRCTC,29MAY2025,-1.0,875,FUTSTK,NFO,5.0,13611,IRCTC-EQ,,-1.0,1,,NSE,5.0
202,57356,JINDALSTEL29MAY25FUT,JINDALSTEL,29MAY2025,-1.0,625,FUTSTK,NFO,5.0,6733,JINDALSTEL-EQ,,-1.0,1,,NSE,5.0
203,57393,LODHA29MAY25FUT,LODHA,29MAY2025,-1.0,450,FUTSTK,NFO,5.0,3220,LODHA-EQ,,-1.0,1,,NSE,5.0
204,57439,M&MFIN29MAY25FUT,M&MFIN,29MAY2025,-1.0,2000,FUTSTK,NFO,5.0,13285,M&MFIN-EQ,,-1.0,1,,NSE,5.0
205,57445,MFSL29MAY25FUT,MFSL,29MAY2025,-1.0,800,FUTSTK,NFO,5.0,2142,MFSL-EQ,,-1.0,1,,NSE,5.0
206,57447,MOTHERSON29MAY25FUT,MOTHERSON,29MAY2025,-1.0,3550,FUTSTK,NFO,1.0,4204,MOTHERSON-EQ,,-1.0,1,,NSE,1.0
207,57467,NBCC29MAY25FUT,NBCC,29MAY2025,-1.0,5800,FUTSTK,NFO,1.0,31415,NBCC-EQ,,-1.0,1,,NSE,1.0
208,57480,PAGEIND29MAY25FUT,PAGEIND,29MAY2025,-1.0,15,FUTSTK,NFO,5.0,14413,PAGEIND-EQ,,-1.0,1,,NSE,5.0
209,57485,PATANJALI29MAY25FUT,PATANJALI,29MAY2025,-1.0,300,FUTSTK,NFO,5.0,17029,PATANJALI-EQ,,-1.0,1,,NSE,5.0
210,57496,PNB29MAY25FUT,PNB,29MAY2025,-1.0,8000,FUTSTK,NFO,1.0,10666,PNB-EQ,,-1.0,1,,NSE,1.0
211,57545,TITAGARH29MAY25FUT,TITAGARH,29MAY2025,-1.0,625,FUTSTK,NFO,5.0,15414,TITAGARH-EQ,,-1.0,1,,NSE,5.0
212,57546,TITAN29MAY25FUT,TITAN,29MAY2025,-1.0,175,FUTSTK,NFO,5.0,3506,TITAN-EQ,,-1.0,1,,NSE,5.0
213,57564,ZOMATO29MAY25FUT,ZOMATO,29MAY2025,-1.0,2000,FUTSTK,NFO,1.0,5097,ZOMATO-EQ,,-1.0,1,,NSE,1.0
214,57230,HFCL29MAY25FUT,HFCL,29MAY2025,-1.0,4150,FUTSTK,NFO,1.0,21951,HFCL-EQ,,-1.0,1,,NSE,1.0
215,57240,ICICIBANK29MAY25FUT,ICICIBANK,29MAY2025,-1.0,700,FUTSTK,NFO,5.0,4963,ICICIBANK-EQ,,-1.0,1,,NSE,5.0
216,57245,IEX29MAY25FUT,IEX,29MAY2025,-1.0,3750,FUTSTK,NFO,1.0,220,IEX-EQ,,-1.0,1,,NSE,1.0
217,57247,AMBUJACEM24APR25FUT,AMBUJACEM,24APR2025,-1.0,900,FUTSTK,NFO,5.0,1270,AMBUJACEM-EQ,,-1.0,1,,NSE,5.0
218,57268,IIFL27MAR25FUT,IIFL,27MAR2025,-1.0,1550,FUTSTK,NFO,5.0,11809,IIFL-EQ,,-1.0,1,,NSE,5.0
219,57270,IIFL29MAY25FUT,IIFL,29MAY2025,-1.0,1550,FUTSTK,NFO,5.0,11809,IIFL-EQ,,-1.0,1,,NSE,5.0
220,57285,IOC29MAY25FUT,IOC,29MAY2025,-1.0,4875,FUTSTK,NFO,1.0,1624,IOC-EQ,,-1.0,1,,NSE,1.0
221,57337,IREDA27MAR25FUT,IREDA,27MAR2025,-1.0,2900,FUTSTK,NFO,1.0,20261,IREDA-EQ,,-1.0,1,,NSE,1.0
222,57358,JSL29MAY25FUT,JSL,29MAY2025,-1.0,775,FUTSTK,NFO,5.0,11236,JSL-EQ,,-1.0,1,,NSE,5.0
223,57385,LICHSGFIN29MAY25FUT,LICHSGFIN,29MAY2025,-1.0,1000,FUTSTK,NFO,5.0,1997,LICHSGFIN-EQ,,-1.0,1,,NSE,5.0
224,57424,LT29MAY25FUT,LT,29MAY2025,-1.0,150,FUTSTK,NFO,5.0,11483,LT-EQ,,-1.0,1,,NSE,5.0
225,57462,MUTHOOTFIN29MAY25FUT,MUTHOOTFIN,29MAY2025,-1.0,275,FUTSTK,NFO,5.0,23650,MUTHOOTFIN-EQ,,-1.0,1,,NSE,5.0
226,57486,PAYTM29MAY25FUT,PAYTM,29MAY2025,-1.0,650,FUTSTK,NFO,5.0,6705,PAYTM-EQ,,-1.0,1,,NSE,5.0
227,57495,PIIND29MAY25FUT,PIIND,29MAY2025,-1.0,125,FUTSTK,NFO,5.0,24184,PIIND-EQ,,-1.0,1,,NSE,5.0
228,57516,SHREECEM29MAY25FUT,SHREECEM,29MAY2025,-1.0,25,FUTSTK,NFO,5.0,3103,SHREECEM-EQ,,-1.0,1,,NSE,5.0
229,57518,SIEMENS29MAY25FUT,SIEMENS,29MAY2025,-1.0,75,FUTSTK,NFO,5.0,3150,SIEMENS-EQ,,-1.0,1,,NSE,5.0
230,57554,TVSMOTOR29MAY25FUT,TVSMOTOR,29MAY2025,-1.0,350,FUTSTK,NFO,5.0,8479,TVSMOTOR-EQ,,-1.0,1,,NSE,5.0
231,65555,APOLLOTYRE24APR25FUT,APOLLOTYRE,24APR2025,-1.0,1700,FUTSTK,NFO,5.0,163,APOLLOTYRE-EQ,,-1.0,1,,NSE,5.0
232,69086,BAJAJFINSV24APR25FUT,BAJAJFINSV,24APR2025,-1.0,500,FUTSTK,NFO,5.0,16675,BAJAJFINSV-EQ,,-1.0,1,,NSE,5.0
233,69091,BANKINDIA24APR25FUT,BANKINDIA,24APR2025,-1.0,4825,FUTSTK,NFO,1.0,4745,BANKINDIA-EQ,,-1.0,1,,NSE,1.0
234,69092,BEL24APR25FUT,BEL,24APR2025,-1.0,2850,FUTSTK,NFO,5.0,383,BEL-EQ,,-1.0,1,,NSE,5.0
235,69078,ASHOKLEY24APR25FUT,ASHOKLEY,24APR2025,-1.0,2500,FUTSTK,NFO,1.0,212,ASHOKLEY-EQ,,-1.0,1,,NSE,1.0
236,69088,BALKRISIND24APR25FUT,BALKRISIND,24APR2025,-1.0,300,FUTSTK,NFO,5.0,335,BALKRISIND-EQ,,-1.0,1,,NSE,5.0
237,69096,BHEL24APR25FUT,BHEL,24APR2025,-1.0,2625,FUTSTK,NFO,1.0,438,BHEL-EQ,,-1.0,1,,NSE,1.0
238,73247,BPCL24APR25FUT,BPCL,24APR2025,-1.0,1800,FUTSTK,NFO,5.0,526,BPCL-EQ,,-1.0,1,,NSE,5.0
239,73266,CAMS24APR25FUT,CAMS,24APR2025,-1.0,125,FUTSTK,NFO,5.0,342,CAMS-EQ,,-1.0,1,,NSE,5.0
240,73268,CDSL24APR25FUT,CDSL,24APR2025,-1.0,350,FUTSTK,NFO,5.0,21174,CDSL-EQ,,-1.0,1,,NSE,5.0
241,73272,CHAMBLFERT24APR25FUT,CHAMBLFERT,24APR2025,-1.0,1900,FUTSTK,NFO,5.0,637,CHAMBLFERT-EQ,,-1.0,1,,NSE,5.0
242,73274,CIPLA24APR25FUT,CIPLA,24APR2025,-1.0,325,FUTSTK,NFO,5.0,694,CIPLA-EQ,,-1.0,1,,NSE,5.0
243,73306,DRREDDY24APR25FUT,DRREDDY,24APR2025,-1.0,625,FUTSTK,NFO,5.0,881,DRREDDY-EQ,,-1.0,1,,NSE,5.0
244,73331,GRASIM24APR25FUT,GRASIM,24APR2025,-1.0,250,FUTSTK,NFO,5.0,1232,GRASIM-EQ,,-1.0,1,,NSE,5.0
245,73340,HCLTECH24APR25FUT,HCLTECH,24APR2025,-1.0,350,FUTSTK,NFO,5.0,7229,HCLTECH-EQ,,-1.0,1,,NSE,5.0
246,73398,IDFCFIRSTB24APR25FUT,IDFCFIRSTB,24APR2025,-1.0,7500,FUTSTK,NFO,1.0,11184,IDFCFIRSTB-EQ,,-1.0,1,,NSE,1.0
247,73466,JIOFIN24APR25FUT,JIOFIN,24APR2025,-1.0,1650,FUTSTK,NFO,1.0,18143,JIOFIN-EQ,,-1.0,1,,NSE,1.0
248,73478,KPITTECH24APR25FUT,KPITTECH,24APR2025,-1.0,400,FUTSTK,NFO,5.0,9683,KPITTECH-EQ,,-1.0,1,,NSE,5.0
249,73479,LAURUSLABS24APR25FUT,LAURUSLABS,24APR2025,-1.0,1700,FUTSTK,NFO,5.0,19234,LAURUSLABS-EQ,,-1.0,1,,NSE,5.0
250,73493,MCX24APR25FUT,MCX,24APR2025,-1.0,100,FUTSTK,NFO,5.0,31181,MCX-EQ,,-1.0,1,,NSE,5.0
251,73497,MPHASIS24APR25FUT,MPHASIS,24APR2025,-1.0,275,FUTSTK,NFO,5.0,4503,MPHASIS-EQ,,-1.0,1,,NSE,5.0
252,73501,NAUKRI24APR25FUT,NAUKRI,24APR2025,-1.0,75,FUTSTK,NFO,5.0,13751,NAUKRI-EQ,,-1.0,1,,NSE,5.0
253,73515,PAGEIND24APR25FUT,PAGEIND,24APR2025,-1.0,15,FUTSTK,NFO,5.0,14413,PAGEIND-EQ,,-1.0,1,,NSE,5.0
254,73529,POONAWALLA24APR25FUT,POONAWALLA,24APR2025,-1.0,1450,FUTSTK,NFO,5.0,11403,POONAWALLA-EQ,,-1.0,1,,NSE,5.0
255,73530,POWERGRID24APR25FUT,POWERGRID,24APR2025,-1.0,1800,FUTSTK,NFO,5.0,14977,POWERGRID-EQ,,-1.0,1,,NSE,5.0
256,73563,SBILIFE24APR25FUT,SBILIFE,24APR2025,-1.0,375,FUTSTK,NFO,5.0,21808,SBILIFE-EQ,,-1.0,1,,NSE,5.0
257,73564,SBIN24APR25FUT,SBIN,24APR2025,-1.0,750,FUTSTK,NFO,5.0,3045,SBIN-EQ,,-1.0,1,,NSE,5.0
258,73565,SHREECEM24APR25FUT,SHREECEM,24APR2025,-1.0,25,FUTSTK,NFO,5.0,3103,SHREECEM-EQ,,-1.0,1,,NSE,5.0
259,73566,SHRIRAMFIN24APR25FUT,SHRIRAMFIN,24APR2025,-1.0,750,FUTSTK,NFO,5.0,4306,SHRIRAMFIN-EQ,,-1.0,1,,NSE,5.0
260,73574,SUNPHARMA24APR25FUT,SUNPHARMA,24APR2025,-1.0,350,FUTSTK,NFO,5.0,3351,SUNPHARMA-EQ,,-1.0,1,,NSE,5.0
261,69082,AUBANK24APR25FUT,AUBANK,24APR2025,-1.0,1000,FUTSTK,NFO,5.0,21238,AUBANK-EQ,,-1.0,1,,NSE,5.0
262,73262,BSE24APR25FUT,BSE,24APR2025,-1.0,125,FUTSTK,NFO,5.0,19585,BSE-EQ,,-1.0,1,,NSE,5.0
263,73267,CANBK24APR25FUT,CANBK,24APR2025,-1.0,6750,FUTSTK,NFO,1.0,10794,CANBK-EQ,,-1.0,1,,NSE,1.0
264,73275,COALINDIA24APR25FUT,COALINDIA,24APR2025,-1.0,1050,FUTSTK,NFO,5.0,20374,COALINDIA-EQ,,-1.0,1,,NSE,5.0
265,73284,DABUR24APR25FUT,DABUR,24APR2025,-1.0,1250,FUTSTK,NFO,5.0,772,DABUR-EQ,,-1.0,1,,NSE,5.0
266,73285,DALBHARAT24APR25FUT,DALBHARAT,24APR2025,-1.0,275,FUTSTK,NFO,5.0,8075,DALBHARAT-EQ,,-1.0,1,,NSE,5.0
267,73304,DLF24APR25FUT,DLF,24APR2025,-1.0,825,FUTSTK,NFO,5.0,14732,DLF-EQ,,-1.0,1,,NSE,5.0
268,73308,EICHERMOT24APR25FUT,EICHERMOT,24APR2025,-1.0,175,FUTSTK,NFO,5.0,910,EICHERMOT-EQ,,-1.0,1,,NSE,5.0
269,73342,HDFCBANK24APR25FUT,HDFCBANK,24APR2025,-1.0,550,FUTSTK,NFO,5.0,1333,HDFCBANK-EQ,,-1.0,1,,NSE,5.0
270,73348,HINDALCO24APR25FUT,HINDALCO,24APR2025,-1.0,1400,FUTSTK,NFO,5.0,1363,HINDALCO-EQ,,-1.0,1,,NSE,5.0
271,73467,JSL24APR25FUT,JSL,24APR2025,-1.0,775,FUTSTK,NFO,5.0,11236,JSL-EQ,,-1.0,1,,NSE,5.0
272,73484,LTF24APR25FUT,LTF,24APR2025,-1.0,4462,FUTSTK,NFO,1.0,24948,LTF-EQ,,-1.0,1,,NSE,1.0
273,73499,MUTHOOTFIN24APR25FUT,MUTHOOTFIN,24APR2025,-1.0,275,FUTSTK,NFO,5.0,23650,MUTHOOTFIN-EQ,,-1.0,1,,NSE,5.0
274,73503,NBCC27MAR25FUT,NBCC,27MAR2025,-1.0,5800,FUTSTK,NFO,1.0,31415,NBCC-EQ,,-1.0,1,,NSE,1.0
275,73507,NHPC24APR25FUT,NHPC,24APR2025,-1.0,6400,FUTSTK,NFO,1.0,17400,NHPC-EQ,,-1.0,1,,NSE,1.0
276,73512,OFSS24APR25FUT,OFSS,24APR2025,-1.0,50,FUTSTK,NFO,5.0,10738,OFSS-EQ,,-1.0,1,,NSE,5.0
277,73534,RAMCOCEM24APR25FUT,RAMCOCEM,24APR2025,-1.0,850,FUTSTK,NFO,5.0,2043,RAMCOCEM-EQ,,-1.0,1,,NSE,5.0
278,73536,RECLTD24APR25FUT,RECLTD,24APR2025,-1.0,1000,FUTSTK,NFO,5.0,15355,RECLTD-EQ,,-1.0,1,,NSE,5.0
279,73568,SJVN24APR25FUT,SJVN,24APR2025,-1.0,4725,FUTSTK,NFO,1.0,18883,SJVN-EQ,,-1.0,1,,NSE,1.0
280,73571,SOLARINDS24APR25FUT,SOLARINDS,24APR2025,-1.0,75,FUTSTK,NFO,5.0,13332,SOLARINDS-EQ,,-1.0,1,,NSE,5.0
281,73578,TATACOMM24APR25FUT,TATACOMM,24APR2025,-1.0,250,FUTSTK,NFO,5.0,3721,TATACOMM-EQ,,-1.0,1,,NSE,5.0
282,73687,WIPRO24APR25FUT,WIPRO,24APR2025,-1.0,3000,FUTSTK,NFO,5.0,3787,WIPRO-EQ,,-1.0,1,,NSE,5.0
283,73692,YESBANK24APR25FUT,YESBANK,24APR2025,-1.0,26000,FUTSTK,NFO,1.0,11915,YESBANK-EQ,,-1.0,1,,NSE,1.0
284,69079,ASIANPAINT24APR25FUT,ASIANPAINT,24APR2025,-1.0,200,FUTSTK,NFO,5.0,236,ASIANPAINT-EQ,,-1.0,1,,NSE,5.0
285,73280,CONCOR24APR25FUT,CONCOR,24APR2025,-1.0,1000,FUTSTK,NFO,5.0,4749,CONCOR-EQ,,-1.0,1,,NSE,5.0
286,73303,DIXON24APR25FUT,DIXON,24APR2025,-1.0,50,FUTSTK,NFO,5.0,21690,DIXON-EQ,,-1.0,1,,NSE,5.0
287,73305,DMART24APR25FUT,DMART,24APR2025,-1.0,150,FUTSTK,NFO,5.0,19913,DMART-EQ,,-1.0,1,,NSE,5.0
288,73330,GRANULES24APR25FUT,GRANULES,24APR2025,-1.0,1000,FUTSTK,NFO,5.0,11872,GRANULES-EQ,,-1.0,1,,NSE,5.0
289,73433,INDUSTOWER24APR25FUT,INDUSTOWER,24APR2025,-1.0,1700,FUTSTK,NFO,5.0,29135,INDUSTOWER-EQ,,-1.0,1,,NSE,5.0
290,73461,IRFC24APR25FUT,IRFC,24APR2025,-1.0,3525,FUTSTK,NFO,1.0,2029,IRFC-EQ,,-1.0,1,,NSE,1.0
291,73472,JUBLFOOD24APR25FUT,JUBLFOOD,24APR2025,-1.0,1250,FUTSTK,NFO,5.0,18096,JUBLFOOD-EQ,,-1.0,1,,NSE,5.0
292,73474,KEI24APR25FUT,KEI,24APR2025,-1.0,150,FUTSTK,NFO,5.0,13310,KEI-EQ,,-1.0,1,,NSE,5.0
293,73475,KOTAKBANK24APR25FUT,KOTAKBANK,24APR2025,-1.0,400,FUTSTK,NFO,5.0,1922,KOTAKBANK-EQ,,-1.0,1,,NSE,5.0
294,73480,LICHSGFIN24APR25FUT,LICHSGFIN,24APR2025,-1.0,1000,FUTSTK,NFO,5.0,1997,LICHSGFIN-EQ,,-1.0,1,,NSE,5.0
295,73485,LTIM24APR25FUT,LTIM,24APR2025,-1.0,150,FUTSTK,NFO,5.0,17818,LTIM-EQ,,-1.0,1,,NSE,5.0
296,73491,MARUTI24APR25FUT,MARUTI,24APR2025,-1.0,50,FUTSTK,NFO,5.0,10999,MARUTI-EQ,,-1.0,1,,NSE,5.0
297,73506,NESTLEIND24APR25FUT,NESTLEIND,24APR2025,-1.0,200,FUTSTK,NFO,5.0,17963,NESTLEIND-EQ,,-1.0,1,,NSE,5.0
298,73531,PRESTIGE24APR25FUT,PRESTIGE,24APR2025,-1.0,325,FUTSTK,NFO,5.0,20302,PRESTIGE-EQ,,-1.0,1,,NSE,5.0
299,73535,RBLBANK24APR25FUT,RBLBANK,24APR2025,-1.0,2500,FUTSTK,NFO,1.0,18391,RBLBANK-EQ,,-1.0,1,,NSE,1.0
300,73567,SIEMENS24APR25FUT,SIEMENS,24APR2025,-1.0,75,FUTSTK,NFO,5.0,3150,SIEMENS-EQ,,-1.0,1,,NSE,5.0
301,73575,SUPREMEIND24APR25FUT,SUPREMEIND,24APR2025,-1.0,125,FUTSTK,NFO,5.0,3363,SUPREMEIND-EQ,,-1.0,1,,NSE,5.0
302,73576,SYNGENE24APR25FUT,SYNGENE,24APR2025,-1.0,1000,FUTSTK,NFO,5.0,10243,SYNGENE-EQ,,-1.0,1,,NSE,5.0
303,73577,TATACHEM24APR25FUT,TATACHEM,24APR2025,-1.0,550,FUTSTK,NFO,5.0,3405,TATACHEM-EQ,,-1.0,1,,NSE,5.0
304,73620,TATAMOTORS24APR25FUT,TATAMOTORS,24APR2025,-1.0,550,FUTSTK,NFO,5.0,3456,TATAMOTORS-EQ,,-1.0,1,,NSE,5.0
305,73656,TORNTPOWER27MAR25FUT,TORNTPOWER,27MAR2025,-1.0,375,FUTSTK,NFO,5.0,13786,TORNTPOWER-EQ,,-1.0,1,,NSE,5.0
306,73657,TORNTPOWER24APR25FUT,TORNTPOWER,24APR2025,-1.0,375,FUTSTK,NFO,5.0,13786,TORNTPOWER-EQ,,-1.0,1,,NSE,5.0
307,73678,VBL24APR25FUT,VBL,24APR2025,-1.0,875,FUTSTK,NFO,5.0,18921,VBL-EQ,,-1.0,1,,NSE,5.0
308,73149,BOSCHLTD24APR25FUT,BOSCHLTD,24APR2025,-1.0,25,FUTSTK,NFO,5.0,2181,BOSCHLTD-EQ,,-1.0,1,,NSE,5.0
309,73278,COFORGE24APR25FUT,COFORGE,24APR2025,-1.0,75,FUTSTK,NFO,5.0,11543,COFORGE-EQ,,-1.0,1,,NSE,5.0
310,73281,CROMPTON24APR25FUT,CROMPTON,24APR2025,-1.0,1800,FUTSTK,NFO,5.0,17094,CROMPTON-EQ,,-1.0,1,,NSE,5.0
311,73324,GLENMARK24APR25FUT,GLENMARK,24APR2025,-1.0,325,FUTSTK,NFO,5.0,7406,GLENMARK-EQ,,-1.0,1,,NSE,5.0
312,73339,HAVELLS24APR25FUT,HAVELLS,24APR2025,-1.0,500,FUTSTK,NFO,5.0,9819,HAVELLS-EQ,,-1.0,1,,NSE,5.0
313,73344,HEROMOTOCO24APR25FUT,HEROMOTOCO,24APR2025,-1.0,150,FUTSTK,NFO,5.0,1348,HEROMOTOCO-EQ,,-1.0,1,,NSE,5.0
314,73465,JINDALSTEL24APR25FUT,JINDALSTEL,24APR2025,-1.0,625,FUTSTK,NFO,5.0,6733,JINDALSTEL-EQ,,-1.0,1,,NSE,5.0
315,73488,M&MFIN24APR25FUT,M&MFIN,24APR2025,-1.0,2000,FUTSTK,NFO,5.0,13285,M&MFIN-EQ,,-1.0,1,,NSE,5.0
316,73498,MRF24APR25FUT,MRF,24APR2025,-1.0,5,FUTSTK,NFO,5.0,2277,MRF-EQ,,-1.0,1,,NSE,5.0
317,73500,NATIONALUM24APR25FUT,NATIONALUM,24APR2025,-1.0,3750,FUTSTK,NFO,1.0,6364,NATIONALUM-EQ,,-1.0,1,,NSE,1.0
318,73504,NBCC24APR25FUT,NBCC,24APR2025,-1.0,5800,FUTSTK,NFO,1.0,31415,NBCC-EQ,,-1.0,1,,NSE,1.0
319,73510,NYKAA24APR25FUT,NYKAA,24APR2025,-1.0,2950,FUTSTK,NFO,1.0,6545,NYKAA-EQ,,-1.0,1,,NSE,1.0
320,35060,ADANIGREEN27MAR25FUT,ADANIGREEN,27MAR2025,-1.0,375,FUTSTK,NFO,5.0,3563,ADANIGREEN-EQ,,-1.0,1,,NSE,5.0
321,35213,ASHOKLEY27MAR25FUT,ASHOKLEY,27MAR2025,-1.0,2500,FUTSTK,NFO,1.0,212,ASHOKLEY-EQ,,-1.0,1,,NSE,1.0
322,35798,DEEPAKNTR27MAR25FUT,DEEPAKNTR,27MAR2025,-1.0,300,FUTSTK,NFO,5.0,19943,DEEPAKNTR-EQ,,-1.0,1,,NSE,5.0
323,35008,ABCAPITAL27MAR25FUT,ABCAPITAL,27MAR2025,-1.0,2700,FUTSTK,NFO,1.0,21614,ABCAPITAL-EQ,,-1.0,1,,NSE,1.0
324,35025,ABFRL27MAR25FUT,ABFRL,27MAR2025,-1.0,2600,FUTSTK,NFO,5.0,30108,ABFRL-EQ,,-1.0,1,,NSE,5.0
325,35187,ALKEM27MAR25FUT,ALKEM,27MAR2025,-1.0,100,FUTSTK,NFO,5.0,11703,ALKEM-EQ,,-1.0,1,,NSE,5.0
326,35404,BSOFT27MAR25FUT,BSOFT,27MAR2025,-1.0,1000,FUTSTK,NFO,5.0,6994,BSOFT-EQ,,-1.0,1,,NSE,5.0
327,35411,CESC27MAR25FUT,CESC,27MAR2025,-1.0,2925,FUTSTK,NFO,1.0,628,CESC-EQ,,-1.0,1,,NSE,1.0
328,35571,CUMMINSIND27MAR25FUT,CUMMINSIND,27MAR2025,-1.0,150,FUTSTK,NFO,5.0,1901,CUMMINSIND-EQ,,-1.0,1,,NSE,5.0
329,35816,DIXON27MAR25FUT,DIXON,27MAR2025,-1.0,50,FUTSTK,NFO,5.0,21690,DIXON-EQ,,-1.0,1,,NSE,5.0
330,35817,DLF27MAR25FUT,DLF,27MAR2025,-1.0,825,FUTSTK,NFO,5.0,14732,DLF-EQ,,-1.0,1,,NSE,5.0
331,36691,031NSETEST27NOV36FUT,031NSETEST,27NOV2036,-1.0,50,FUTSTK,NFO,5.0,14753,031NSETEST-EQ,,-1.0,1,,NSE,5.0
332,35245,AXISBANK27MAR25FUT,AXISBANK,27MAR2025,-1.0,625,FUTSTK,NFO,5.0,5900,AXISBANK-EQ,,-1.0,1,,NSE,5.0
333,35357,BHARATFORG27MAR25FUT,BHARATFORG,27MAR2025,-1.0,500,FUTSTK,NFO,5.0,422,BHARATFORG-EQ,,-1.0,1,,NSE,5.0
334,35400,BPCL27MAR25FUT,BPCL,27MAR2025,-1.0,1800,FUTSTK,NFO,5.0,526,BPCL-EQ,,-1.0,1,,NSE,5.0
335,35427,CGPOWER27MAR25FUT,CGPOWER,27MAR2025,-1.0,725,FUTSTK,NFO,5.0,760,CGPOWER-EQ,,-1.0,1,,NSE,5.0
336,35533,COALINDIA27MAR25FUT,COALINDIA,27MAR2025,-1.0,1050,FUTSTK,NFO,5.0,20374,COALINDIA-EQ,,-1.0,1,,NSE,5.0
337,35968,DRREDDY27MAR25FUT,DRREDDY,27MAR2025,-1.0,625,FUTSTK,NFO,5.0,881,DRREDDY-EQ,,-1.0,1,,NSE,5.0
338,35985,EICHERMOT27MAR25FUT,EICHERMOT,27MAR2025,-1.0,175,FUTSTK,NFO,5.0,910,EICHERMOT-EQ,,-1.0,1,,NSE,5.0
339,36227,ESCORTS27MAR25FUT,ESCORTS,27MAR2025,-1.0,150,FUTSTK,NFO,5.0,958,ESCORTS-EQ,,-1.0,1,,NSE,5.0
340,37352,GODREJPROP27MAR25FUT,GODREJPROP,27MAR2025,-1.0,225,FUTSTK,NFO,5.0,17875,GODREJPROP-EQ,,-1.0,1,,NSE,5.0
341,40482,IRCTC27MAR25FUT,IRCTC,27MAR2025,-1.0,875,FUTSTK,NFO,5.0,13611,IRCTC-EQ,,-1.0,1,,NSE,5.0
342,41616,JUBLFOOD27MAR25FUT,JUBLFOOD,27MAR2025,-1.0,1250,FUTSTK,NFO,5.0,18096,JUBLFOOD-EQ,,-1.0,1,,NSE,5.0
343,43113,LICHSGFIN27MAR25FUT,LICHSGFIN,27MAR2025,-1.0,1000,FUTSTK,NFO,5.0,1997,LICHSGFIN-EQ,,-1.0,1,,NSE,5.0
344,43177,MFSL27MAR25FUT,MFSL,27MAR2025,-1.0,800,FUTSTK,NFO,5.0,2142,MFSL-EQ,,-1.0,1,,NSE,5.0
345,43227,NESTLEIND27MAR25FUT,NESTLEIND,27MAR2025,-1.0,200,FUTSTK,NFO,5.0,17963,NESTLEIND-EQ,,-1.0,1,,NSE,5.0
346,43368,SRF27MAR25FUT,SRF,27MAR2025,-1.0,375,FUTSTK,NFO,5.0,3273,SRF-EQ,,-1.0,1,,NSE,5.0
347,43389,TATAMOTORS27MAR25FUT,TATAMOTORS,27MAR2025,-1.0,550,FUTSTK,NFO,5.0,3456,TATAMOTORS-EQ,,-1.0,1,,NSE,5.0
348,54454,AARTIIND24APR25FUT,AARTIIND,24APR2025,-1.0,1000,FUTSTK,NFO,5.0,7,AARTIIND-EQ,,-1.0,1,,NSE,5.0
349,54833,ADANIENT24APR25FUT,ADANIENT,24APR2025,-1.0,300,FUTSTK,NFO,5.0,25,ADANIENT-EQ,,-1.0,1,,NSE,5.0
350,57161,BAJFINANCE29MAY25FUT,BAJFINANCE,29MAY2025,-1.0,125,FUTSTK,NFO,5.0,317,BAJFINANCE-EQ,,-1.0,1,,NSE,5.0
351,57172,BPCL29MAY25FUT,BPCL,29MAY2025,-1.0,1800,FUTSTK,NFO,5.0,526,BPCL-EQ,,-1.0,1,,NSE,5.0
352,57173,BRITANNIA29MAY25FUT,BRITANNIA,29MAY2025,-1.0,100,FUTSTK,NFO,5.0,547,BRITANNIA-EQ,,-1.0,1,,NSE,5.0
353,57203,ESCORTS29MAY25FUT,ESCORTS,29MAY2025,-1.0,150,FUTSTK,NFO,5.0,958,ESCORTS-EQ,,-1.0,1,,NSE,5.0
354,57208,GAIL29MAY25FUT,GAIL,29MAY2025,-1.0,2350,FUTSTK,NFO,1.0,4717,GAIL-EQ,,-1.0,1,,NSE,1.0
355,57242,ICICIPRULI29MAY25FUT,ICICIPRULI,29MAY2025,-1.0,750,FUTSTK,NFO,5.0,18652,ICICIPRULI-EQ,,-1.0,1,,NSE,5.0
356,57267,IGL29MAY25FUT,IGL,29MAY2025,-1.0,2750,FUTSTK,NFO,1.0,11262,IGL-EQ,,-1.0,1,,NSE,1.0
357,57384,LAURUSLABS29MAY25FUT,LAURUSLABS,29MAY2025,-1.0,1700,FUTSTK,NFO,5.0,19234,LAURUSLABS-EQ,,-1.0,1,,NSE,5.0
358,57427,LUPIN29MAY25FUT,LUPIN,29MAY2025,-1.0,425,FUTSTK,NFO,5.0,10440,LUPIN-EQ,,-1.0,1,,NSE,5.0
359,57438,M&M29MAY25FUT,M&M,29MAY2025,-1.0,175,FUTSTK,NFO,5.0,2031,M&M-EQ,,-1.0,1,,NSE,5.0
360,57466,NAUKRI29MAY25FUT,NAUKRI,29MAY2025,-1.0,75,FUTSTK,NFO,5.0,13751,NAUKRI-EQ,,-1.0,1,,NSE,5.0
361,57474,NTPC29MAY25FUT,NTPC,29MAY2025,-1.0,1500,FUTSTK,NFO,5.0,11630,NTPC-EQ,,-1.0,1,,NSE,5.0
362,57476,OBEROIRLTY29MAY25FUT,OBEROIRLTY,29MAY2025,-1.0,350,FUTSTK,NFO,5.0,20242,OBEROIRLTY-EQ,,-1.0,1,,NSE,5.0
363,57481,PATANJALI27MAR25FUT,PATANJALI,27MAR2025,-1.0,300,FUTSTK,NFO,5.0,17029,PATANJALI-EQ,,-1.0,1,,NSE,5.0
364,57514,SBILIFE29MAY25FUT,SBILIFE,29MAY2025,-1.0,375,FUTSTK,NFO,5.0,21808,SBILIFE-EQ,,-1.0,1,,NSE,5.0
365,57519,SJVN29MAY25FUT,SJVN,29MAY2025,-1.0,4725,FUTSTK,NFO,1.0,18883,SJVN-EQ,,-1.0,1,,NSE,1.0
366,57523,SUNPHARMA29MAY25FUT,SUNPHARMA,29MAY2025,-1.0,350,FUTSTK,NFO,5.0,3351,SUNPHARMA-EQ,,-1.0,1,,NSE,5.0
367,57530,TATACONSUM29MAY25FUT,TATACONSUM,29MAY2025,-1.0,456,FUTSTK,NFO,5.0,3432,TATACONSUM-EQ,,-1.0,1,,NSE,5.0
368,57535,TATATECH27MAR25FUT,TATATECH,27MAR2025,-1.0,700,FUTSTK,NFO,5.0,20293,TATATECH-EQ,,-1.0,1,,NSE,5.0
369,57553,TRENT29MAY25FUT,TRENT,29MAY2025,-1.0,100,FUTSTK,NFO,5.0,1964,TRENT-EQ,,-1.0,1,,NSE,5.0
370,57560,VEDL29MAY25FUT,VEDL,29MAY2025,-1.0,1150,FUTSTK,NFO,5.0,3063,VEDL-EQ,,-1.0,1,,NSE,5.0
371,57562,WIPRO29MAY25FUT,WIPRO,29MAY2025,-1.0,3000,FUTSTK,NFO,5.0,3787,WIPRO-EQ,,-1.0,1,,NSE,5.0
372,57563,YESBANK29MAY25FUT,YESBANK,29MAY2025,-1.0,26000,FUTSTK,NFO,1.0,11915,YESBANK-EQ,,-1.0,1,,NSE,1.0
373,35057,ADANIENT27MAR25FUT,ADANIENT,27MAR2025,-1.0,300,FUTSTK,NFO,5.0,25,ADANIENT-EQ,,-1.0,1,,NSE,5.0
374,35215,ASIANPAINT27MAR25FUT,ASIANPAINT,27MAR2025,-1.0,200,FUTSTK,NFO,5.0,236,ASIANPAINT-EQ,,-1.0,1,,NSE,5.0
375,35232,AUROPHARMA27MAR25FUT,AUROPHARMA,27MAR2025,-1.0,550,FUTSTK,NFO,5.0,275,AUROPHARMA-EQ,,-1.0,1,,NSE,5.0
376,35351,BEL27MAR25FUT,BEL,27MAR2025,-1.0,2850,FUTSTK,NFO,5.0,383,BEL-EQ,,-1.0,1,,NSE,5.0
377,35358,BHARTIARTL27MAR25FUT,BHARTIARTL,27MAR2025,-1.0,475,FUTSTK,NFO,5.0,10604,BHARTIARTL-EQ,,-1.0,1,,NSE,5.0
378,35359,BHEL27MAR25FUT,BHEL,27MAR2025,-1.0,2625,FUTSTK,NFO,1.0,438,BHEL-EQ,,-1.0,1,,NSE,1.0
379,35524,CIPLA27MAR25FUT,CIPLA,27MAR2025,-1.0,325,FUTSTK,NFO,5.0,694,CIPLA-EQ,,-1.0,1,,NSE,5.0
380,35769,CYIENT27MAR25FUT,CYIENT,27MAR2025,-1.0,300,FUTSTK,NFO,5.0,5748,CYIENT-EQ,,-1.0,1,,NSE,5.0
381,35861,DMART27MAR25FUT,DMART,27MAR2025,-1.0,150,FUTSTK,NFO,5.0,19913,DMART-EQ,,-1.0,1,,NSE,5.0
382,36709,081NSETEST27NOV36FUT,081NSETEST,27NOV2036,-1.0,50,FUTSTK,NFO,5.0,14767,081NSETEST-EQ,,-1.0,1,,NSE,5.0
383,36716,111NSETEST27NOV36FUT,111NSETEST,27NOV2036,-1.0,50,FUTSTK,NFO,5.0,14774,111NSETEST-EQ,,-1.0,1,,NSE,5.0
384,36724,151NSETEST27NOV36FUT,151NSETEST,27NOV2036,-1.0,50,FUTSTK,NFO,5.0,14782,151NSETEST-EQ,,-1.0,1,,NSE,5.0
385,39344,HAL27MAR25FUT,HAL,27MAR2025,-1.0,150,FUTSTK,NFO,5.0,2303,HAL-EQ,,-1.0,1,,NSE,5.0
386,39903,HINDUNILVR27MAR25FUT,HINDUNILVR,27MAR2025,-1.0,300,FUTSTK,NFO,5.0,1394,HINDUNILVR-EQ,,-1.0,1,,NSE,5.0
387,39905,HUDCO27MAR25FUT,HUDCO,27MAR2025,-1.0,2425,FUTSTK,NFO,1.0,20825,HUDCO-EQ,,-1.0,1,,NSE,1.0
388,40384,IDEA27MAR25FUT,IDEA,27MAR2025,-1.0,40000,FUTSTK,NFO,1.0,14366,IDEA-EQ,,-1.0,1,,NSE,1.0
389,40399,INDUSINDBK27MAR25FUT,INDUSINDBK,27MAR2025,-1.0,500,FUTSTK,NFO,5.0,5258,INDUSINDBK-EQ,,-1.0,1,,NSE,5.0
390,40481,IRB27MAR25FUT,IRB,27MAR2025,-1.0,10250,FUTSTK,NFO,1.0,15313,IRB-EQ,,-1.0,1,,NSE,1.0
391,43158,MANAPPURAM27MAR25FUT,MANAPPURAM,27MAR2025,-1.0,3000,FUTSTK,NFO,1.0,19061,MANAPPURAM-EQ,,-1.0,1,,NSE,1.0
392,43160,MARICO27MAR25FUT,MARICO,27MAR2025,-1.0,1200,FUTSTK,NFO,5.0,4067,MARICO-EQ,,-1.0,1,,NSE,5.0
393,43173,MARUTI27MAR25FUT,MARUTI,27MAR2025,-1.0,50,FUTSTK,NFO,5.0,10999,MARUTI-EQ,,-1.0,1,,NSE,5.0
394,43297,PFC27MAR25FUT,PFC,27MAR2025,-1.0,1300,FUTSTK,NFO,5.0,14299,PFC-EQ,,-1.0,1,,NSE,5.0
395,43329,PRESTIGE27MAR25FUT,PRESTIGE,27MAR2025,-1.0,325,FUTSTK,NFO,5.0,20302,PRESTIGE-EQ,,-1.0,1,,NSE,5.0
396,43330,RAMCOCEM27MAR25FUT,RAMCOCEM,27MAR2025,-1.0,850,FUTSTK,NFO,5.0,2043,RAMCOCEM-EQ,,-1.0,1,,NSE,5.0
397,43342,RECLTD27MAR25FUT,RECLTD,27MAR2025,-1.0,1000,FUTSTK,NFO,5.0,15355,RECLTD-EQ,,-1.0,1,,NSE,5.0
398,43343,RELIANCE27MAR25FUT,RELIANCE,27MAR2025,-1.0,500,FUTSTK,NFO,5.0,2885,RELIANCE-EQ,,-1.0,1,,NSE,5.0
399,43360,SJVN27MAR25FUT,SJVN,27MAR2025,-1.0,4725,FUTSTK,NFO,1.0,18883,SJVN-EQ,,-1.0,1,,NSE,1.0
400,43378,TATACOMM27MAR25FUT,TATACOMM,27MAR2025,-1.0,250,FUTSTK,NFO,5.0,3721,TATACOMM-EQ,,-1.0,1,,NSE,5.0
401,43401,TORNTPHARM27MAR25FUT,TORNTPHARM,27MAR2025,-1.0,250,FUTSTK,NFO,5.0,3518,TORNTPHARM-EQ,,-1.0,1,,NSE,5.0
402,43451,ZOMATO27MAR25FUT,ZOMATO,27MAR2025,-1.0,2000,FUTSTK,NFO,1.0,5097,ZOMATO-EQ,,-1.0,1,,NSE,1.0
403,43462,ZYDUSLIFE27MAR25FUT,ZYDUSLIFE,27MAR2025,-1.0,900,FUTSTK,NFO,5.0,7929,ZYDUSLIFE-EQ,,-1.0,1,,NSE,5.0
404,48577,181NSETEST27NOV36FUT,181NSETEST,27NOV2036,-1.0,50,FUTSTK,NFO,5.0,23447,181NSETEST-EQ,,-1.0,1,,NSE,5.0
405,54456,ABCAPITAL24APR25FUT,ABCAPITAL,24APR2025,-1.0,2700,FUTSTK,NFO,1.0,21614,ABCAPITAL-EQ,,-1.0,1,,NSE,1.0
406,54457,ABFRL24APR25FUT,ABFRL,24APR2025,-1.0,2600,FUTSTK,NFO,5.0,30108,ABFRL-EQ,,-1.0,1,,NSE,5.0
407,54835,ADANIPORTS24APR25FUT,ADANIPORTS,24APR2025,-1.0,400,FUTSTK,NFO,5.0,15083,ADANIPORTS-EQ,,-1.0,1,,NSE,5.0
408,57139,ACC29MAY25FUT,ACC,29MAY2025,-1.0,300,FUTSTK,NFO,5.0,22,ACC-EQ,,-1.0,1,,NSE,5.0
409,57166,BEL29MAY25FUT,BEL,29MAY2025,-1.0,2850,FUTSTK,NFO,5.0,383,BEL-EQ,,-1.0,1,,NSE,5.0
410,57174,BSE29MAY25FUT,BSE,29MAY2025,-1.0,125,FUTSTK,NFO,5.0,19585,BSE-EQ,,-1.0,1,,NSE,5.0
411,57194,DELHIVERY29MAY25FUT,DELHIVERY,29MAY2025,-1.0,1525,FUTSTK,NFO,5.0,9599,DELHIVERY-EQ,,-1.0,1,,NSE,5.0
412,57219,HCLTECH29MAY25FUT,HCLTECH,29MAY2025,-1.0,350,FUTSTK,NFO,5.0,7229,HCLTECH-EQ,,-1.0,1,,NSE,5.0
413,57236,HINDUNILVR29MAY25FUT,HINDUNILVR,29MAY2025,-1.0,300,FUTSTK,NFO,5.0,1394,HINDUNILVR-EQ,,-1.0,1,,NSE,5.0
414,57286,IRB29MAY25FUT,IRB,29MAY2025,-1.0,10250,FUTSTK,NFO,1.0,15313,IRB-EQ,,-1.0,1,,NSE,1.0
415,57342,IREDA24APR25FUT,IREDA,24APR2025,-1.0,2900,FUTSTK,NFO,1.0,20261,IREDA-EQ,,-1.0,1,,NSE,1.0
416,57351,ITC29MAY25FUT,ITC,29MAY2025,-1.0,1600,FUTSTK,NFO,5.0,1660,ITC-EQ,,-1.0,1,,NSE,5.0
417,57375,KEI29MAY25FUT,KEI,29MAY2025,-1.0,150,FUTSTK,NFO,5.0,13310,KEI-EQ,,-1.0,1,,NSE,5.0
418,40393,INDIANB27MAR25FUT,INDIANB,27MAR2025,-1.0,950,FUTSTK,NFO,5.0,14309,INDIANB-EQ,,-1.0,1,,NSE,5.0
419,40485,IRFC27MAR25FUT,IRFC,27MAR2025,-1.0,3525,FUTSTK,NFO,1.0,2029,IRFC-EQ,,-1.0,1,,NSE,1.0
420,41610,JSWENERGY27MAR25FUT,JSWENERGY,27MAR2025,-1.0,750,FUTSTK,NFO,5.0,17869,JSWENERGY-EQ,,-1.0,1,,NSE,5.0
421,41620,KEI27MAR25FUT,KEI,27MAR2025,-1.0,150,FUTSTK,NFO,5.0,13310,KEI-EQ,,-1.0,1,,NSE,5.0
422,43157,M&MFIN27MAR25FUT,M&MFIN,27MAR2025,-1.0,2000,FUTSTK,NFO,5.0,13285,M&MFIN-EQ,,-1.0,1,,NSE,5.0
423,43174,MAXHEALTH27MAR25FUT,MAXHEALTH,27MAR2025,-1.0,525,FUTSTK,NFO,5.0,22377,MAXHEALTH-EQ,,-1.0,1,,NSE,5.0
424,43196,MRF27MAR25FUT,MRF,27MAR2025,-1.0,5,FUTSTK,NFO,5.0,2277,MRF-EQ,,-1.0,1,,NSE,5.0
425,43228,NHPC27MAR25FUT,NHPC,27MAR2025,-1.0,6400,FUTSTK,NFO,1.0,17400,NHPC-EQ,,-1.0,1,,NSE,1.0
426,43252,OFSS27MAR25FUT,OFSS,27MAR2025,-1.0,50,FUTSTK,NFO,5.0,10738,OFSS-EQ,,-1.0,1,,NSE,5.0
427,43277,PERSISTENT27MAR25FUT,PERSISTENT,27MAR2025,-1.0,100,FUTSTK,NFO,5.0,18365,PERSISTENT-EQ,,-1.0,1,,NSE,5.0
428,43311,PNB27MAR25FUT,PNB,27MAR2025,-1.0,8000,FUTSTK,NFO,1.0,10666,PNB-EQ,,-1.0,1,,NSE,1.0
429,43355,SBIN27MAR25FUT,SBIN,27MAR2025,-1.0,750,FUTSTK,NFO,5.0,3045,SBIN-EQ,,-1.0,1,,NSE,5.0
430,43358,SIEMENS27MAR25FUT,SIEMENS,27MAR2025,-1.0,75,FUTSTK,NFO,5.0,3150,SIEMENS-EQ,,-1.0,1,,NSE,5.0
431,43391,TATASTEEL27MAR25FUT,TATASTEEL,27MAR2025,-1.0,5500,FUTSTK,NFO,1.0,3499,TATASTEEL-EQ,,-1.0,1,,NSE,1.0
432,43392,TCS27MAR25FUT,TCS,27MAR2025,-1.0,175,FUTSTK,NFO,5.0,11536,TCS-EQ,,-1.0,1,,NSE,5.0
433,43396,TECHM27MAR25FUT,TECHM,27MAR2025,-1.0,600,FUTSTK,NFO,5.0,13538,TECHM-EQ,,-1.0,1,,NSE,5.0
434,43406,ULTRACEMCO27MAR25FUT,ULTRACEMCO,27MAR2025,-1.0,50,FUTSTK,NFO,5.0,11532,ULTRACEMCO-EQ,,-1.0,1,,NSE,5.0
435,43417,UNITDSPR27MAR25FUT,UNITDSPR,27MAR2025,-1.0,350,FUTSTK,NFO,5.0,10447,UNITDSPR-EQ,,-1.0,1,,NSE,5.0
436,57146,ANGELONE29MAY25FUT,ANGELONE,29MAY2025,-1.0,200,FUTSTK,NFO,5.0,324,ANGELONE-EQ,,-1.0,1,,NSE,5.0
437,57149,APOLLOTYRE29MAY25FUT,APOLLOTYRE,29MAY2025,-1.0,1700,FUTSTK,NFO,5.0,163,APOLLOTYRE-EQ,,-1.0,1,,NSE,5.0
438,57152,ASTRAL29MAY25FUT,ASTRAL,29MAY2025,-1.0,367,FUTSTK,NFO,5.0,14418,ASTRAL-EQ,,-1.0,1,,NSE,5.0
439,57164,BANKBARODA29MAY25FUT,BANKBARODA,29MAY2025,-1.0,2925,FUTSTK,NFO,1.0,4668,BANKBARODA-EQ,,-1.0,1,,NSE,1.0
440,57165,BANKINDIA29MAY25FUT,BANKINDIA,29MAY2025,-1.0,4825,FUTSTK,NFO,1.0,4745,BANKINDIA-EQ,,-1.0,1,,NSE,1.0
441,57188,CROMPTON29MAY25FUT,CROMPTON,29MAY2025,-1.0,1800,FUTSTK,NFO,5.0,17094,CROMPTON-EQ,,-1.0,1,,NSE,5.0
442,57229,HEROMOTOCO29MAY25FUT,HEROMOTOCO,29MAY2025,-1.0,150,FUTSTK,NFO,5.0,1348,HEROMOTOCO-EQ,,-1.0,1,,NSE,5.0
443,57235,HINDPETRO29MAY25FUT,HINDPETRO,29MAY2025,-1.0,2025,FUTSTK,NFO,5.0,1406,HINDPETRO-EQ,,-1.0,1,,NSE,5.0
444,57271,INDHOTEL29MAY25FUT,INDHOTEL,29MAY2025,-1.0,1000,FUTSTK,NFO,5.0,1512,INDHOTEL-EQ,,-1.0,1,,NSE,5.0
445,57357,JIOFIN29MAY25FUT,JIOFIN,29MAY2025,-1.0,1650,FUTSTK,NFO,1.0,18143,JIOFIN-EQ,,-1.0,1,,NSE,1.0
446,57426,LTIM29MAY25FUT,LTIM,29MAY2025,-1.0,150,FUTSTK,NFO,5.0,17818,LTIM-EQ,,-1.0,1,,NSE,5.0
447,57443,MAXHEALTH29MAY25FUT,MAXHEALTH,29MAY2025,-1.0,525,FUTSTK,NFO,5.0,22377,MAXHEALTH-EQ,,-1.0,1,,NSE,5.0
448,57444,MCX29MAY25FUT,MCX,29MAY2025,-1.0,100,FUTSTK,NFO,5.0,31181,MCX-EQ,,-1.0,1,,NSE,5.0
449,57451,MRF29MAY25FUT,MRF,29MAY2025,-1.0,5,FUTSTK,NFO,5.0,2277,MRF-EQ,,-1.0,1,,NSE,5.0
450,57475,NYKAA29MAY25FUT,NYKAA,29MAY2025,-1.0,2950,FUTSTK,NFO,1.0,6545,NYKAA-EQ,,-1.0,1,,NSE,1.0
451,57477,OFSS29MAY25FUT,OFSS,29MAY2025,-1.0,50,FUTSTK,NFO,5.0,10738,OFSS-EQ,,-1.0,1,,NSE,5.0
452,57497,POLICYBZR29MAY25FUT,POLICYBZR,29MAY2025,-1.0,325,FUTSTK,NFO,5.0,6656,POLICYBZR-EQ,,-1.0,1,,NSE,5.0
453,57527,TATACOMM29MAY25FUT,TATACOMM,29MAY2025,-1.0,250,FUTSTK,NFO,5.0,3721,TATACOMM-EQ,,-1.0,1,,NSE,5.0
454,57539,TECHM29MAY25FUT,TECHM,29MAY2025,-1.0,600,FUTSTK,NFO,5.0,13538,TECHM-EQ,,-1.0,1,,NSE,5.0
455,57540,TIINDIA29MAY25FUT,TIINDIA,29MAY2025,-1.0,150,FUTSTK,NFO,5.0,312,TIINDIA-EQ,,-1.0,1,,NSE,5.0
456,57552,TORNTPOWER29MAY25FUT,TORNTPOWER,29MAY2025,-1.0,375,FUTSTK,NFO,5.0,13786,TORNTPOWER-EQ,,-1.0,1,,NSE,5.0
457,57556,UNIONBANK29MAY25FUT,UNIONBANK,29MAY2025,-1.0,4425,FUTSTK,NFO,1.0,10753,UNIONBANK-EQ,,-1.0,1,,NSE,1.0
458,36388,EXIDEIND27MAR25FUT,EXIDEIND,27MAR2025,-1.0,1800,FUTSTK,NFO,5.0,676,EXIDEIND-EQ,,-1.0,1,,NSE,5.0
459,36690,021NSETEST27NOV36FUT,021NSETEST,27NOV2036,-1.0,50,FUTSTK,NFO,5.0,14751,021NSETEST-EQ,,-1.0,1,,NSE,5.0
460,36694,041NSETEST27NOV36FUT,041NSETEST,27NOV2036,-1.0,50,FUTSTK,NFO,5.0,14755,041NSETEST-EQ,,-1.0,1,,NSE,5.0
461,36700,061NSETEST27NOV36FUT,061NSETEST,27NOV2036,-1.0,50,FUTSTK,NFO,5.0,14762,061NSETEST-EQ,,-1.0,1,,NSE,5.0
462,36720,131NSETEST27NOV36FUT,131NSETEST,27NOV2036,-1.0,50,FUTSTK,NFO,5.0,14778,131NSETEST-EQ,,-1.0,1,,NSE,5.0
463,39049,GRANULES27MAR25FUT,GRANULES,27MAR2025,-1.0,1000,FUTSTK,NFO,5.0,11872,GRANULES-EQ,,-1.0,1,,NSE,5.0
464,39052,GRASIM27MAR25FUT,GRASIM,27MAR2025,-1.0,250,FUTSTK,NFO,5.0,1232,GRASIM-EQ,,-1.0,1,,NSE,5.0
465,41574,JIOFIN27MAR25FUT,JIOFIN,27MAR2025,-1.0,1650,FUTSTK,NFO,1.0,18143,JIOFIN-EQ,,-1.0,1,,NSE,1.0
466,41617,KALYANKJIL27MAR25FUT,KALYANKJIL,27MAR2025,-1.0,775,FUTSTK,NFO,5.0,2955,KALYANKJIL-EQ,,-1.0,1,,NSE,5.0
467,43119,LODHA27MAR25FUT,LODHA,27MAR2025,-1.0,450,FUTSTK,NFO,5.0,3220,LODHA-EQ,,-1.0,1,,NSE,5.0
468,43121,LTF27MAR25FUT,LTF,27MAR2025,-1.0,4462,FUTSTK,NFO,1.0,24948,LTF-EQ,,-1.0,1,,NSE,1.0
469,43152,LTTS27MAR25FUT,LTTS,27MAR2025,-1.0,100,FUTSTK,NFO,5.0,18564,LTTS-EQ,,-1.0,1,,NSE,5.0
470,43153,LUPIN27MAR25FUT,LUPIN,27MAR2025,-1.0,425,FUTSTK,NFO,5.0,10440,LUPIN-EQ,,-1.0,1,,NSE,5.0
471,43407,UNIONBANK27MAR25FUT,UNIONBANK,27MAR2025,-1.0,4425,FUTSTK,NFO,1.0,10753,UNIONBANK-EQ,,-1.0,1,,NSE,1.0
472,43418,UPL27MAR25FUT,UPL,27MAR2025,-1.0,1355,FUTSTK,NFO,5.0,11287,UPL-EQ,,-1.0,1,,NSE,5.0
473,54832,ADANIENSOL24APR25FUT,ADANIENSOL,24APR2025,-1.0,625,FUTSTK,NFO,5.0,10217,ADANIENSOL-EQ,,-1.0,1,,NSE,5.0
474,57177,CANBK29MAY25FUT,CANBK,29MAY2025,-1.0,6750,FUTSTK,NFO,1.0,10794,CANBK-EQ,,-1.0,1,,NSE,1.0
475,57138,ABFRL29MAY25FUT,ABFRL,29MAY2025,-1.0,2600,FUTSTK,NFO,5.0,30108,ABFRL-EQ,,-1.0,1,,NSE,5.0
476,57169,BHEL29MAY25FUT,BHEL,29MAY2025,-1.0,2625,FUTSTK,NFO,1.0,438,BHEL-EQ,,-1.0,1,,NSE,1.0
477,57181,CHAMBLFERT29MAY25FUT,CHAMBLFERT,29MAY2025,-1.0,1900,FUTSTK,NFO,5.0,637,CHAMBLFERT-EQ,,-1.0,1,,NSE,5.0
478,57186,COLPAL29MAY25FUT,COLPAL,29MAY2025,-1.0,175,FUTSTK,NFO,5.0,15141,COLPAL-EQ,,-1.0,1,,NSE,5.0
479,57190,CYIENT29MAY25FUT,CYIENT,29MAY2025,-1.0,300,FUTSTK,NFO,5.0,5748,CYIENT-EQ,,-1.0,1,,NSE,5.0
480,57216,GRASIM29MAY25FUT,GRASIM,29MAY2025,-1.0,250,FUTSTK,NFO,5.0,1232,GRASIM-EQ,,-1.0,1,,NSE,5.0
481,57220,HDFCAMC29MAY25FUT,HDFCAMC,29MAY2025,-1.0,150,FUTSTK,NFO,5.0,4244,HDFCAMC-EQ,,-1.0,1,,NSE,5.0
482,57244,IDFCFIRSTB29MAY25FUT,IDFCFIRSTB,29MAY2025,-1.0,7500,FUTSTK,NFO,1.0,11184,IDFCFIRSTB-EQ,,-1.0,1,,NSE,1.0
483,57246,ALKEM24APR25FUT,ALKEM,24APR2025,-1.0,100,FUTSTK,NFO,5.0,11703,ALKEM-EQ,,-1.0,1,,NSE,5.0
484,57343,IREDA29MAY25FUT,IREDA,29MAY2025,-1.0,2900,FUTSTK,NFO,1.0,20261,IREDA-EQ,,-1.0,1,,NSE,1.0
485,57365,JUBLFOOD29MAY25FUT,JUBLFOOD,29MAY2025,-1.0,1250,FUTSTK,NFO,5.0,18096,JUBLFOOD-EQ,,-1.0,1,,NSE,5.0
486,57374,KALYANKJIL29MAY25FUT,KALYANKJIL,29MAY2025,-1.0,775,FUTSTK,NFO,5.0,2955,KALYANKJIL-EQ,,-1.0,1,,NSE,5.0
487,57377,KPITTECH29MAY25FUT,KPITTECH,29MAY2025,-1.0,400,FUTSTK,NFO,5.0,9683,KPITTECH-EQ,,-1.0,1,,NSE,5.0
488,57441,MARICO29MAY25FUT,MARICO,29MAY2025,-1.0,1200,FUTSTK,NFO,5.0,4067,MARICO-EQ,,-1.0,1,,NSE,5.0
489,57446,MGL29MAY25FUT,MGL,29MAY2025,-1.0,400,FUTSTK,NFO,5.0,17534,MGL-EQ,,-1.0,1,,NSE,5.0
490,57469,NESTLEIND29MAY25FUT,NESTLEIND,29MAY2025,-1.0,200,FUTSTK,NFO,5.0,17963,NESTLEIND-EQ,,-1.0,1,,NSE,5.0
491,57479,ONGC29MAY25FUT,ONGC,29MAY2025,-1.0,1925,FUTSTK,NFO,5.0,2475,ONGC-EQ,,-1.0,1,,NSE,5.0
492,57494,PIDILITIND29MAY25FUT,PIDILITIND,29MAY2025,-1.0,250,FUTSTK,NFO,5.0,2664,PIDILITIND-EQ,,-1.0,1,,NSE,5.0
493,57513,SBICARD29MAY25FUT,SBICARD,29MAY2025,-1.0,800,FUTSTK,NFO,5.0,17971,SBICARD-EQ,,-1.0,1,,NSE,5.0
494,57541,TITAGARH27MAR25FUT,TITAGARH,27MAR2025,-1.0,625,FUTSTK,NFO,5.0,15414,TITAGARH-EQ,,-1.0,1,,NSE,5.0
495,57559,VBL29MAY25FUT,VBL,29MAY2025,-1.0,875,FUTSTK,NFO,5.0,18921,VBL-EQ,,-1.0,1,,NSE,5.0
496,35053,ADANIENSOL27MAR25FUT,ADANIENSOL,27MAR2025,-1.0,625,FUTSTK,NFO,5.0,10217,ADANIENSOL-EQ,,-1.0,1,,NSE,5.0
497,35188,AMBUJACEM27MAR25FUT,AMBUJACEM,27MAR2025,-1.0,900,FUTSTK,NFO,5.0,1270,AMBUJACEM-EQ,,-1.0,1,,NSE,5.0
498,35195,ANGELONE27MAR25FUT,ANGELONE,27MAR2025,-1.0,200,FUTSTK,NFO,5.0,324,ANGELONE-EQ,,-1.0,1,,NSE,5.0
499,35275,BAJFINANCE27MAR25FUT,BAJFINANCE,27MAR2025,-1.0,125,FUTSTK,NFO,5.0,317,BAJFINANCE-EQ,,-1.0,1,,NSE,5.0
500,35350,BANKINDIA27MAR25FUT,BANKINDIA,27MAR2025,-1.0,4825,FUTSTK,NFO,1.0,4745,BANKINDIA-EQ,,-1.0,1,,NSE,1.0
501,36715,101NSETEST27NOV36FUT,101NSETEST,27NOV2036,-1.0,50,FUTSTK,NFO,5.0,14772,101NSETEST-EQ,,-1.0,1,,NSE,5.0
502,37309,GLENMARK27MAR25FUT,GLENMARK,27MAR2025,-1.0,325,FUTSTK,NFO,5.0,7406,GLENMARK-EQ,,-1.0,1,,NSE,5.0
503,39354,HDFCBANK27MAR25FUT,HDFCBANK,27MAR2025,-1.0,550,FUTSTK,NFO,5.0,1333,HDFCBANK-EQ,,-1.0,1,,NSE,5.0
504,39929,ICICIGI27MAR25FUT,ICICIGI,27MAR2025,-1.0,250,FUTSTK,NFO,5.0,21770,ICICIGI-EQ,,-1.0,1,,NSE,5.0
505,40397,INDIGO27MAR25FUT,INDIGO,27MAR2025,-1.0,150,FUTSTK,NFO,5.0,11195,INDIGO-EQ,,-1.0,1,,NSE,5.0
506,40412,INFY27MAR25FUT,INFY,27MAR2025,-1.0,400,FUTSTK,NFO,5.0,1594,INFY-EQ,,-1.0,1,,NSE,5.0
507,41577,JSL27MAR25FUT,JSL,27MAR2025,-1.0,775,FUTSTK,NFO,5.0,11236,JSL-EQ,,-1.0,1,,NSE,5.0
508,41615,JSWSTEEL27MAR25FUT,JSWSTEEL,27MAR2025,-1.0,675,FUTSTK,NFO,5.0,11723,JSWSTEEL-EQ,,-1.0,1,,NSE,5.0
509,42277,KOTAKBANK27MAR25FUT,KOTAKBANK,27MAR2025,-1.0,400,FUTSTK,NFO,5.0,1922,KOTAKBANK-EQ,,-1.0,1,,NSE,5.0
510,42278,KPITTECH27MAR25FUT,KPITTECH,27MAR2025,-1.0,400,FUTSTK,NFO,5.0,9683,KPITTECH-EQ,,-1.0,1,,NSE,5.0
511,43104,LAURUSLABS27MAR25FUT,LAURUSLABS,27MAR2025,-1.0,1700,FUTSTK,NFO,5.0,19234,LAURUSLABS-EQ,,-1.0,1,,NSE,5.0
512,43122,LTIM27MAR25FUT,LTIM,27MAR2025,-1.0,150,FUTSTK,NFO,5.0,17818,LTIM-EQ,,-1.0,1,,NSE,5.0
513,43156,M&M27MAR25FUT,M&M,27MAR2025,-1.0,175,FUTSTK,NFO,5.0,2031,M&M-EQ,,-1.0,1,,NSE,5.0
514,43184,MGL27MAR25FUT,MGL,27MAR2025,-1.0,400,FUTSTK,NFO,5.0,17534,MGL-EQ,,-1.0,1,,NSE,5.0
515,43188,MOTHERSON27MAR25FUT,MOTHERSON,27MAR2025,-1.0,3550,FUTSTK,NFO,1.0,4204,MOTHERSON-EQ,,-1.0,1,,NSE,1.0
516,43199,MUTHOOTFIN27MAR25FUT,MUTHOOTFIN,27MAR2025,-1.0,275,FUTSTK,NFO,5.0,23650,MUTHOOTFIN-EQ,,-1.0,1,,NSE,5.0
517,43268,PAYTM27MAR25FUT,PAYTM,27MAR2025,-1.0,650,FUTSTK,NFO,5.0,6705,PAYTM-EQ,,-1.0,1,,NSE,5.0
518,43310,PIIND27MAR25FUT,PIIND,27MAR2025,-1.0,125,FUTSTK,NFO,5.0,24184,PIIND-EQ,,-1.0,1,,NSE,5.0
519,43357,SHRIRAMFIN27MAR25FUT,SHRIRAMFIN,27MAR2025,-1.0,750,FUTSTK,NFO,5.0,4306,SHRIRAMFIN-EQ,,-1.0,1,,NSE,5.0
520,43371,SYNGENE27MAR25FUT,SYNGENE,27MAR2025,-1.0,1000,FUTSTK,NFO,5.0,10243,SYNGENE-EQ,,-1.0,1,,NSE,5.0
521,43387,TATACONSUM27MAR25FUT,TATACONSUM,27MAR2025,-1.0,456,FUTSTK,NFO,5.0,3432,TATACONSUM-EQ,,-1.0,1,,NSE,5.0
522,43397,TIINDIA27MAR25FUT,TIINDIA,27MAR2025,-1.0,150,FUTSTK,NFO,5.0,312,TIINDIA-EQ,,-1.0,1,,NSE,5.0
523,57143,ADANIPORTS29MAY25FUT,ADANIPORTS,29MAY2025,-1.0,400,FUTSTK,NFO,5.0,15083,ADANIPORTS-EQ,,-1.0,1,,NSE,5.0
524,57478,OIL29MAY25FUT,OIL,29MAY2025,-1.0,1075,FUTSTK,NFO,5.0,17438,OIL-EQ,,-1.0,1,,NSE,5.0
525,57487,PEL29MAY25FUT,PEL,29MAY2025,-1.0,750,FUTSTK,NFO,5.0,2412,PEL-EQ,,-1.0,1,,NSE,5.0
526,57524,SUPREMEIND29MAY25FUT,SUPREMEIND,29MAY2025,-1.0,125,FUTSTK,NFO,5.0,3363,SUPREMEIND-EQ,,-1.0,1,,NSE,5.0
527,57531,TATAELXSI29MAY25FUT,TATAELXSI,29MAY2025,-1.0,100,FUTSTK,NFO,5.0,3411,TATAELXSI-EQ,,-1.0,1,,NSE,5.0
528,57533,TATAPOWER29MAY25FUT,TATAPOWER,29MAY2025,-1.0,1350,FUTSTK,NFO,5.0,3426,TATAPOWER-EQ,,-1.0,1,,NSE,5.0
529,57534,TATASTEEL29MAY25FUT,TATASTEEL,29MAY2025,-1.0,5500,FUTSTK,NFO,1.0,3499,TATASTEEL-EQ,,-1.0,1,,NSE,1.0
530,57538,TCS29MAY25FUT,TCS,29MAY2025,-1.0,175,FUTSTK,NFO,5.0,11536,TCS-EQ,,-1.0,1,,NSE,5.0
531,57178,CDSL29MAY25FUT,CDSL,29MAY2025,-1.0,350,FUTSTK,NFO,5.0,21174,CDSL-EQ,,-1.0,1,,NSE,5.0
532,57179,CESC29MAY25FUT,CESC,29MAY2025,-1.0,2925,FUTSTK,NFO,1.0,628,CESC-EQ,,-1.0,1,,NSE,1.0
533,57182,CHOLAFIN29MAY25FUT,CHOLAFIN,29MAY2025,-1.0,625,FUTSTK,NFO,5.0,685,CHOLAFIN-EQ,,-1.0,1,,NSE,5.0
534,57185,COFORGE29MAY25FUT,COFORGE,29MAY2025,-1.0,75,FUTSTK,NFO,5.0,11543,COFORGE-EQ,,-1.0,1,,NSE,5.0
535,57187,CONCOR29MAY25FUT,CONCOR,29MAY2025,-1.0,1000,FUTSTK,NFO,5.0,4749,CONCOR-EQ,,-1.0,1,,NSE,5.0
536,57210,GMRAIRPORT29MAY25FUT,GMRAIRPORT,29MAY2025,-1.0,5625,FUTSTK,NFO,1.0,13528,GMRAIRPORT-EQ,,-1.0,1,,NSE,1.0
537,57221,HDFCBANK29MAY25FUT,HDFCBANK,29MAY2025,-1.0,550,FUTSTK,NFO,5.0,1333,HDFCBANK-EQ,,-1.0,1,,NSE,5.0
538,57272,INDIANB29MAY25FUT,INDIANB,29MAY2025,-1.0,950,FUTSTK,NFO,5.0,14309,INDIANB-EQ,,-1.0,1,,NSE,5.0
539,57282,INFY29MAY25FUT,INFY,29MAY2025,-1.0,400,FUTSTK,NFO,5.0,1594,INFY-EQ,,-1.0,1,,NSE,5.0
540,57450,MPHASIS29MAY25FUT,MPHASIS,29MAY2025,-1.0,275,FUTSTK,NFO,5.0,4503,MPHASIS-EQ,,-1.0,1,,NSE,5.0
541,57473,NMDC29MAY25FUT,NMDC,29MAY2025,-1.0,13500,FUTSTK,NFO,1.0,15332,NMDC-EQ,,-1.0,1,,NSE,1.0
542,57499,POONAWALLA29MAY25FUT,POONAWALLA,29MAY2025,-1.0,1450,FUTSTK,NFO,5.0,11403,POONAWALLA-EQ,,-1.0,1,,NSE,5.0
543,57505,RBLBANK29MAY25FUT,RBLBANK,29MAY2025,-1.0,2500,FUTSTK,NFO,1.0,18391,RBLBANK-EQ,,-1.0,1,,NSE,1.0
544,57507,RELIANCE29MAY25FUT,RELIANCE,29MAY2025,-1.0,500,FUTSTK,NFO,5.0,2885,RELIANCE-EQ,,-1.0,1,,NSE,5.0
545,57525,SYNGENE29MAY25FUT,SYNGENE,29MAY2025,-1.0,1000,FUTSTK,NFO,5.0,10243,SYNGENE-EQ,,-1.0,1,,NSE,5.0
546,57555,ULTRACEMCO29MAY25FUT,ULTRACEMCO,29MAY2025,-1.0,50,FUTSTK,NFO,5.0,11532,ULTRACEMCO-EQ,,-1.0,1,,NSE,5.0
547,57561,VOLTAS29MAY25FUT,VOLTAS,29MAY2025,-1.0,300,FUTSTK,NFO,5.0,3718,VOLTAS-EQ,,-1.0,1,,NSE,5.0
548,65554,APOLLOHOSP24APR25FUT,APOLLOHOSP,24APR2025,-1.0,125,FUTSTK,NFO,5.0,157,APOLLOHOSP-EQ,,-1.0,1,,NSE,5.0
549,69081,ATGL24APR25FUT,ATGL,24APR2025,-1.0,775,FUTSTK,NFO,5.0,6066,ATGL-EQ,,-1.0,1,,NSE,5.0
550,69084,AXISBANK24APR25FUT,AXISBANK,24APR2025,-1.0,625,FUTSTK,NFO,5.0,5900,AXISBANK-EQ,,-1.0,1,,NSE,5.0
551,69085,BAJAJ-AUTO24APR25FUT,BAJAJ-AUTO,24APR2025,-1.0,75,FUTSTK,NFO,5.0,16669,BAJAJ-AUTO-EQ,,-1.0,1,,NSE,5.0
552,69097,BIOCON24APR25FUT,BIOCON,24APR2025,-1.0,2500,FUTSTK,NFO,5.0,11373,BIOCON-EQ,,-1.0,1,,NSE,5.0
553,69080,ASTRAL24APR25FUT,ASTRAL,24APR2025,-1.0,367,FUTSTK,NFO,5.0,14418,ASTRAL-EQ,,-1.0,1,,NSE,5.0
554,65552,ANGELONE24APR25FUT,ANGELONE,24APR2025,-1.0,200,FUTSTK,NFO,5.0,324,ANGELONE-EQ,,-1.0,1,,NSE,5.0
555,69087,BAJFINANCE24APR25FUT,BAJFINANCE,24APR2025,-1.0,125,FUTSTK,NFO,5.0,317,BAJFINANCE-EQ,,-1.0,1,,NSE,5.0
556,69094,BHARATFORG24APR25FUT,BHARATFORG,24APR2025,-1.0,500,FUTSTK,NFO,5.0,422,BHARATFORG-EQ,,-1.0,1,,NSE,5.0
557,73270,CESC24APR25FUT,CESC,24APR2025,-1.0,2925,FUTSTK,NFO,1.0,628,CESC-EQ,,-1.0,1,,NSE,1.0
558,73279,COLPAL24APR25FUT,COLPAL,24APR2025,-1.0,175,FUTSTK,NFO,5.0,15141,COLPAL-EQ,,-1.0,1,,NSE,5.0
559,73323,GAIL24APR25FUT,GAIL,24APR2025,-1.0,2350,FUTSTK,NFO,1.0,4717,GAIL-EQ,,-1.0,1,,NSE,1.0
560,73345,HFCL24APR25FUT,HFCL,24APR2025,-1.0,4150,FUTSTK,NFO,1.0,21951,HFCL-EQ,,-1.0,1,,NSE,1.0
561,73367,HINDPETRO24APR25FUT,HINDPETRO,24APR2025,-1.0,2025,FUTSTK,NFO,5.0,1406,HINDPETRO-EQ,,-1.0,1,,NSE,5.0
562,73396,ICICIPRULI24APR25FUT,ICICIPRULI,24APR2025,-1.0,750,FUTSTK,NFO,5.0,18652,ICICIPRULI-EQ,,-1.0,1,,NSE,5.0
563,73468,JSWENERGY24APR25FUT,JSWENERGY,24APR2025,-1.0,750,FUTSTK,NFO,5.0,17869,JSWENERGY-EQ,,-1.0,1,,NSE,5.0
564,73486,LUPIN24APR25FUT,LUPIN,24APR2025,-1.0,425,FUTSTK,NFO,5.0,10440,LUPIN-EQ,,-1.0,1,,NSE,5.0
565,73492,MAXHEALTH24APR25FUT,MAXHEALTH,24APR2025,-1.0,525,FUTSTK,NFO,5.0,22377,MAXHEALTH-EQ,,-1.0,1,,NSE,5.0
566,73494,MFSL24APR25FUT,MFSL,24APR2025,-1.0,800,FUTSTK,NFO,5.0,2142,MFSL-EQ,,-1.0,1,,NSE,5.0
567,73495,MGL24APR25FUT,MGL,24APR2025,-1.0,400,FUTSTK,NFO,5.0,17534,MGL-EQ,,-1.0,1,,NSE,5.0
568,73505,NCC24APR25FUT,NCC,24APR2025,-1.0,1775,FUTSTK,NFO,5.0,2319,NCC-EQ,,-1.0,1,,NSE,5.0
569,73511,OBEROIRLTY24APR25FUT,OBEROIRLTY,24APR2025,-1.0,350,FUTSTK,NFO,5.0,20242,OBEROIRLTY-EQ,,-1.0,1,,NSE,5.0
570,73516,PAYTM24APR25FUT,PAYTM,24APR2025,-1.0,650,FUTSTK,NFO,5.0,6705,PAYTM-EQ,,-1.0,1,,NSE,5.0
571,73523,PHOENIXLTD24APR25FUT,PHOENIXLTD,24APR2025,-1.0,350,FUTSTK,NFO,5.0,14552,PHOENIXLTD-EQ,,-1.0,1,,NSE,5.0
572,73527,POLICYBZR24APR25FUT,POLICYBZR,24APR2025,-1.0,325,FUTSTK,NFO,5.0,6656,POLICYBZR-EQ,,-1.0,1,,NSE,5.0
573,73528,POLYCAB24APR25FUT,POLYCAB,24APR2025,-1.0,125,FUTSTK,NFO,5.0,9590,POLYCAB-EQ,,-1.0,1,,NSE,5.0
574,73561,SAIL24APR25FUT,SAIL,24APR2025,-1.0,4000,FUTSTK,NFO,1.0,2963,SAIL-EQ,,-1.0,1,,NSE,1.0
575,73629,TIINDIA24APR25FUT,TIINDIA,24APR2025,-1.0,150,FUTSTK,NFO,5.0,312,TIINDIA-EQ,,-1.0,1,,NSE,5.0
576,73675,UPL24APR25FUT,UPL,24APR2025,-1.0,1355,FUTSTK,NFO,5.0,11287,UPL-EQ,,-1.0,1,,NSE,5.0
577,73679,VEDL24APR25FUT,VEDL,24APR2025,-1.0,1150,FUTSTK,NFO,5.0,3063,VEDL-EQ,,-1.0,1,,NSE,5.0
578,65553,APLAPOLLO24APR25FUT,APLAPOLLO,24APR2025,-1.0,350,FUTSTK,NFO,5.0,25780,APLAPOLLO-EQ,,-1.0,1,,NSE,5.0
579,69089,BANDHANBNK24APR25FUT,BANDHANBNK,24APR2025,-1.0,2800,FUTSTK,NFO,1.0,2263,BANDHANBNK-EQ,,-1.0,1,,NSE,1.0
580,73259,BRITANNIA24APR25FUT,BRITANNIA,24APR2025,-1.0,100,FUTSTK,NFO,5.0,547,BRITANNIA-EQ,,-1.0,1,,NSE,5.0
581,73271,CGPOWER24APR25FUT,CGPOWER,24APR2025,-1.0,725,FUTSTK,NFO,5.0,760,CGPOWER-EQ,,-1.0,1,,NSE,5.0
582,73283,CYIENT24APR25FUT,CYIENT,24APR2025,-1.0,300,FUTSTK,NFO,5.0,5748,CYIENT-EQ,,-1.0,1,,NSE,5.0
583,73386,ICICIBANK24APR25FUT,ICICIBANK,24APR2025,-1.0,700,FUTSTK,NFO,5.0,4963,ICICIBANK-EQ,,-1.0,1,,NSE,5.0
584,73397,IDEA24APR25FUT,IDEA,24APR2025,-1.0,40000,FUTSTK,NFO,1.0,14366,IDEA-EQ,,-1.0,1,,NSE,1.0
585,73399,IEX24APR25FUT,IEX,24APR2025,-1.0,3750,FUTSTK,NFO,1.0,220,IEX-EQ,,-1.0,1,,NSE,1.0
586,73483,LT24APR25FUT,LT,24APR2025,-1.0,150,FUTSTK,NFO,5.0,11483,LT-EQ,,-1.0,1,,NSE,5.0
587,73489,MANAPPURAM24APR25FUT,MANAPPURAM,24APR2025,-1.0,3000,FUTSTK,NFO,1.0,19061,MANAPPURAM-EQ,,-1.0,1,,NSE,1.0
588,73519,PETRONET24APR25FUT,PETRONET,24APR2025,-1.0,1500,FUTSTK,NFO,5.0,11351,PETRONET-EQ,,-1.0,1,,NSE,5.0
589,73562,SBICARD24APR25FUT,SBICARD,24APR2025,-1.0,800,FUTSTK,NFO,5.0,17971,SBICARD-EQ,,-1.0,1,,NSE,5.0
590,73570,SOLARINDS27MAR25FUT,SOLARINDS,27MAR2025,-1.0,75,FUTSTK,NFO,5.0,13332,SOLARINDS-EQ,,-1.0,1,,NSE,5.0
591,73580,TATAELXSI24APR25FUT,TATAELXSI,24APR2025,-1.0,100,FUTSTK,NFO,5.0,3411,TATAELXSI-EQ,,-1.0,1,,NSE,5.0
592,73628,TECHM24APR25FUT,TECHM,24APR2025,-1.0,600,FUTSTK,NFO,5.0,13538,TECHM-EQ,,-1.0,1,,NSE,5.0
593,73669,TRENT24APR25FUT,TRENT,24APR2025,-1.0,100,FUTSTK,NFO,5.0,1964,TRENT-EQ,,-1.0,1,,NSE,5.0
594,73670,TVSMOTOR24APR25FUT,TVSMOTOR,24APR2025,-1.0,350,FUTSTK,NFO,5.0,8479,TVSMOTOR-EQ,,-1.0,1,,NSE,5.0
595,73672,UNIONBANK24APR25FUT,UNIONBANK,24APR2025,-1.0,4425,FUTSTK,NFO,1.0,10753,UNIONBANK-EQ,,-1.0,1,,NSE,1.0
596,73693,ZOMATO24APR25FUT,ZOMATO,24APR2025,-1.0,2000,FUTSTK,NFO,1.0,5097,ZOMATO-EQ,,-1.0,1,,NSE,1.0
597,73273,CHOLAFIN24APR25FUT,CHOLAFIN,24APR2025,-1.0,625,FUTSTK,NFO,5.0,685,CHOLAFIN-EQ,,-1.0,1,,NSE,5.0
598,73287,DELHIVERY24APR25FUT,DELHIVERY,24APR2025,-1.0,1525,FUTSTK,NFO,5.0,9599,DELHIVERY-EQ,,-1.0,1,,NSE,5.0
599,73326,GODREJCP24APR25FUT,GODREJCP,24APR2025,-1.0,500,FUTSTK,NFO,5.0,10099,GODREJCP-EQ,,-1.0,1,,NSE,5.0
600,73343,HDFCLIFE24APR25FUT,HDFCLIFE,24APR2025,-1.0,1100,FUTSTK,NFO,5.0,467,HDFCLIFE-EQ,,-1.0,1,,NSE,5.0
601,73371,HUDCO24APR25FUT,HUDCO,24APR2025,-1.0,2425,FUTSTK,NFO,1.0,20825,HUDCO-EQ,,-1.0,1,,NSE,1.0
602,73387,ICICIGI24APR25FUT,ICICIGI,24APR2025,-1.0,250,FUTSTK,NFO,5.0,21770,ICICIGI-EQ,,-1.0,1,,NSE,5.0
603,73427,IGL24APR25FUT,IGL,24APR2025,-1.0,2750,FUTSTK,NFO,1.0,11262,IGL-EQ,,-1.0,1,,NSE,1.0
604,73428,INDHOTEL24APR25FUT,INDHOTEL,24APR2025,-1.0,1000,FUTSTK,NFO,5.0,1512,INDHOTEL-EQ,,-1.0,1,,NSE,5.0
605,73429,INDIANB24APR25FUT,INDIANB,24APR2025,-1.0,950,FUTSTK,NFO,5.0,14309,INDIANB-EQ,,-1.0,1,,NSE,5.0
606,73432,INDUSINDBK24APR25FUT,INDUSINDBK,24APR2025,-1.0,500,FUTSTK,NFO,5.0,5258,INDUSINDBK-EQ,,-1.0,1,,NSE,5.0
607,73434,INFY24APR25FUT,INFY,24APR2025,-1.0,400,FUTSTK,NFO,5.0,1594,INFY-EQ,,-1.0,1,,NSE,5.0
608,73437,IRB24APR25FUT,IRB,24APR2025,-1.0,10250,FUTSTK,NFO,1.0,15313,IRB-EQ,,-1.0,1,,NSE,1.0
609,73469,JSWSTEEL24APR25FUT,JSWSTEEL,24APR2025,-1.0,675,FUTSTK,NFO,5.0,11723,JSWSTEEL-EQ,,-1.0,1,,NSE,5.0
610,73473,KALYANKJIL24APR25FUT,KALYANKJIL,24APR2025,-1.0,775,FUTSTK,NFO,5.0,2955,KALYANKJIL-EQ,,-1.0,1,,NSE,5.0
611,73513,OIL24APR25FUT,OIL,24APR2025,-1.0,1075,FUTSTK,NFO,5.0,17438,OIL-EQ,,-1.0,1,,NSE,5.0
612,73514,ONGC24APR25FUT,ONGC,24APR2025,-1.0,1925,FUTSTK,NFO,5.0,2475,ONGC-EQ,,-1.0,1,,NSE,5.0
613,73524,PIDILITIND24APR25FUT,PIDILITIND,24APR2025,-1.0,250,FUTSTK,NFO,5.0,2664,PIDILITIND-EQ,,-1.0,1,,NSE,5.0
614,73526,PNB24APR25FUT,PNB,24APR2025,-1.0,8000,FUTSTK,NFO,1.0,10666,PNB-EQ,,-1.0,1,,NSE,1.0
615,73572,SONACOMS24APR25FUT,SONACOMS,24APR2025,-1.0,775,FUTSTK,NFO,5.0,4684,SONACOMS-EQ,,-1.0,1,,NSE,5.0
616,73625,TATAPOWER24APR25FUT,TATAPOWER,24APR2025,-1.0,1350,FUTSTK,NFO,5.0,3426,TATAPOWER-EQ,,-1.0,1,,NSE,5.0
617,73627,TCS24APR25FUT,TCS,24APR2025,-1.0,175,FUTSTK,NFO,5.0,11536,TCS-EQ,,-1.0,1,,NSE,5.0
618,73263,BSOFT24APR25FUT,BSOFT,24APR2025,-1.0,1000,FUTSTK,NFO,5.0,6994,BSOFT-EQ,,-1.0,1,,NSE,5.0
619,73282,CUMMINSIND24APR25FUT,CUMMINSIND,24APR2025,-1.0,150,FUTSTK,NFO,5.0,1901,CUMMINSIND-EQ,,-1.0,1,,NSE,5.0
620,73309,ESCORTS24APR25FUT,ESCORTS,24APR2025,-1.0,150,FUTSTK,NFO,5.0,958,ESCORTS-EQ,,-1.0,1,,NSE,5.0
621,73310,EXIDEIND24APR25FUT,EXIDEIND,24APR2025,-1.0,1800,FUTSTK,NFO,5.0,676,EXIDEIND-EQ,,-1.0,1,,NSE,5.0
622,73311,FEDERALBNK24APR25FUT,FEDERALBNK,24APR2025,-1.0,5000,FUTSTK,NFO,1.0,1023,FEDERALBNK-EQ,,-1.0,1,,NSE,1.0
623,73325,GMRAIRPORT24APR25FUT,GMRAIRPORT,24APR2025,-1.0,5625,FUTSTK,NFO,1.0,13528,GMRAIRPORT-EQ,,-1.0,1,,NSE,1.0
624,73329,GODREJPROP24APR25FUT,GODREJPROP,24APR2025,-1.0,225,FUTSTK,NFO,5.0,17875,GODREJPROP-EQ,,-1.0,1,,NSE,5.0
625,73338,HAL24APR25FUT,HAL,24APR2025,-1.0,150,FUTSTK,NFO,5.0,2303,HAL-EQ,,-1.0,1,,NSE,5.0
626,73341,HDFCAMC24APR25FUT,HDFCAMC,24APR2025,-1.0,150,FUTSTK,NFO,5.0,4244,HDFCAMC-EQ,,-1.0,1,,NSE,5.0
627,73366,HINDCOPPER24APR25FUT,HINDCOPPER,24APR2025,-1.0,2650,FUTSTK,NFO,1.0,17939,HINDCOPPER-EQ,,-1.0,1,,NSE,1.0
628,73370,HINDUNILVR24APR25FUT,HINDUNILVR,24APR2025,-1.0,300,FUTSTK,NFO,5.0,1394,HINDUNILVR-EQ,,-1.0,1,,NSE,5.0
629,73436,IOC24APR25FUT,IOC,24APR2025,-1.0,4875,FUTSTK,NFO,1.0,1624,IOC-EQ,,-1.0,1,,NSE,1.0
630,73464,ITC24APR25FUT,ITC,24APR2025,-1.0,1600,FUTSTK,NFO,5.0,1660,ITC-EQ,,-1.0,1,,NSE,5.0
631,73487,M&M24APR25FUT,M&M,24APR2025,-1.0,175,FUTSTK,NFO,5.0,2031,M&M-EQ,,-1.0,1,,NSE,5.0
632,73490,MARICO24APR25FUT,MARICO,24APR2025,-1.0,1200,FUTSTK,NFO,5.0,4067,MARICO-EQ,,-1.0,1,,NSE,5.0
633,73496,MOTHERSON24APR25FUT,MOTHERSON,24APR2025,-1.0,3550,FUTSTK,NFO,1.0,4204,MOTHERSON-EQ,,-1.0,1,,NSE,1.0
634,73517,PEL24APR25FUT,PEL,24APR2025,-1.0,750,FUTSTK,NFO,5.0,2412,PEL-EQ,,-1.0,1,,NSE,5.0
635,73522,PHOENIXLTD27MAR25FUT,PHOENIXLTD,27MAR2025,-1.0,350,FUTSTK,NFO,5.0,14552,PHOENIXLTD-EQ,,-1.0,1,,NSE,5.0
636,73525,PIIND24APR25FUT,PIIND,24APR2025,-1.0,125,FUTSTK,NFO,5.0,24184,PIIND-EQ,,-1.0,1,,NSE,5.0
637,73671,ULTRACEMCO24APR25FUT,ULTRACEMCO,24APR2025,-1.0,50,FUTSTK,NFO,5.0,11532,ULTRACEMCO-EQ,,-1.0,1,,NSE,5.0
638,73686,VOLTAS24APR25FUT,VOLTAS,24APR2025,-1.0,300,FUTSTK,NFO,5.0,3718,VOLTAS-EQ,,-1.0,1,,NSE,5.0
639,73698,ZYDUSLIFE24APR25FUT,ZYDUSLIFE,24APR2025,-1.0,900,FUTSTK,NFO,5.0,7929,ZYDUSLIFE-EQ,,-1.0,1,,NSE,5.0
640,69083,AUROPHARMA24APR25FUT,AUROPHARMA,24APR2025,-1.0,550,FUTSTK,NFO,5.0,275,AUROPHARMA-EQ,,-1.0,1,,NSE,5.0
641,69090,BANKBARODA24APR25FUT,BANKBARODA,24APR2025,-1.0,2925,FUTSTK,NFO,1.0,4668,BANKBARODA-EQ,,-1.0,1,,NSE,1.0
642,69093,BERGEPAINT24APR25FUT,BERGEPAINT,24APR2025,-1.0,1320,FUTSTK,NFO,5.0,404,BERGEPAINT-EQ,,-1.0,1,,NSE,5.0
643,69095,BHARTIARTL24APR25FUT,BHARTIARTL,24APR2025,-1.0,475,FUTSTK,NFO,5.0,10604,BHARTIARTL-EQ,,-1.0,1,,NSE,5.0
644,73286,DEEPAKNTR24APR25FUT,DEEPAKNTR,24APR2025,-1.0,300,FUTSTK,NFO,5.0,19943,DEEPAKNTR-EQ,,-1.0,1,,NSE,5.0
645,73288,DIVISLAB24APR25FUT,DIVISLAB,24APR2025,-1.0,100,FUTSTK,NFO,5.0,10940,DIVISLAB-EQ,,-1.0,1,,NSE,5.0
646,73430,INDIGO24APR25FUT,INDIGO,24APR2025,-1.0,150,FUTSTK,NFO,5.0,11195,INDIGO-EQ,,-1.0,1,,NSE,5.0
647,73460,IRCTC24APR25FUT,IRCTC,24APR2025,-1.0,875,FUTSTK,NFO,5.0,13611,IRCTC-EQ,,-1.0,1,,NSE,5.0
648,73481,LICI24APR25FUT,LICI,24APR2025,-1.0,575,FUTSTK,NFO,5.0,9480,LICI-EQ,,-1.0,1,,NSE,5.0
649,73482,LODHA24APR25FUT,LODHA,24APR2025,-1.0,450,FUTSTK,NFO,5.0,3220,LODHA-EQ,,-1.0,1,,NSE,5.0
650,73508,NMDC24APR25FUT,NMDC,24APR2025,-1.0,13500,FUTSTK,NFO,1.0,15332,NMDC-EQ,,-1.0,1,,NSE,1.0
651,73509,NTPC24APR25FUT,NTPC,24APR2025,-1.0,1500,FUTSTK,NFO,5.0,11630,NTPC-EQ,,-1.0,1,,NSE,5.0
652,73518,PERSISTENT24APR25FUT,PERSISTENT,24APR2025,-1.0,100,FUTSTK,NFO,5.0,18365,PERSISTENT-EQ,,-1.0,1,,NSE,5.0
653,73520,PFC24APR25FUT,PFC,24APR2025,-1.0,1300,FUTSTK,NFO,5.0,14299,PFC-EQ,,-1.0,1,,NSE,5.0
654,73537,RELIANCE24APR25FUT,RELIANCE,24APR2025,-1.0,500,FUTSTK,NFO,5.0,2885,RELIANCE-EQ,,-1.0,1,,NSE,5.0
655,73573,SRF24APR25FUT,SRF,24APR2025,-1.0,375,FUTSTK,NFO,5.0,3273,SRF-EQ,,-1.0,1,,NSE,5.0
656,73579,TATACONSUM24APR25FUT,TATACONSUM,24APR2025,-1.0,456,FUTSTK,NFO,5.0,3432,TATACONSUM-EQ,,-1.0,1,,NSE,5.0
657,73626,TATASTEEL24APR25FUT,TATASTEEL,24APR2025,-1.0,5500,FUTSTK,NFO,1.0,3499,TATASTEEL-EQ,,-1.0,1,,NSE,1.0
658,73632,TITAN24APR25FUT,TITAN,24APR2025,-1.0,175,FUTSTK,NFO,5.0,3506,TITAN-EQ,,-1.0,1,,NSE,5.0
659,73633,TORNTPHARM24APR25FUT,TORNTPHARM,24APR2025,-1.0,250,FUTSTK,NFO,5.0,3518,TORNTPHARM-EQ,,-1.0,1,,NSE,5.0
660,73674,UNITDSPR24APR25FUT,UNITDSPR,24APR2025,-1.0,350,FUTSTK,NFO,5.0,10447,UNITDSPR-EQ,,-1.0,1,,NSE,5.0
